strain,host,plasmid,medium,OD_abs.mean,OD_abs.se,OD_abs.errorpro,OD_culture.mean,OD_norm.mean,OD_norm.median,OD_norm.se,OD_norm.errorpro,OD_norm.rel,OD_norm.rel.errorpro,mumax.mean,mumax.se,mumax.rel,mumax.rel.errorpro,auc.mean,auc.se,auc.rel,auc.rel.errorpro,maxOD.mean,maxOD.se,maxOD.rel,maxOD.rel.errorpro
MG1655,MG1655,NA,LB,0.092400001,0.001025764,0.001450649,0.539955563,0.17133024,0.167953668,0.005982336,0.008460301,1,0.04938008,0.780842478,0.005915505,1,0.010713797,13.41656376,0.030644802,1,0.003230208,0.688266675,0.002893354,1,0.005945109
MG1655_pESBL1,MG1655,pESBL1,LB,0.092066666,0.001386431,0.001722442,0.518522216,0.179469636,0.176874865,0.01106514,0.0127164,1.047507058,0.074221576,0.68201388,0.010959679,0.873433374,0.015517257,12.88440705,0.12427268,0.960335842,0.009518813,0.680333316,0.006356475,0.988473423,0.010127253
MG1655_pESBL15,MG1655,pESBL15,LB,0.0912,0.001091197,0.001488539,0.512966676,0.177525962,0.176726581,0.005060372,0.008001931,1.036162452,0.04670472,0.687171706,0.014903835,0.880038837,0.020217747,13.42554678,0.054946981,1.000669547,0.004690084,0.684366663,0.003402676,0.994333574,0.006474098
MG1655_pESBL25,MG1655,pESBL25,LB,0.092666667,0.001940663,0.002196462,0.533766657,0.173579997,0.165622698,0.010368229,0.01200977,1.013131111,0.0700972,0.73251439,0.004669448,0.938107763,0.0092881,13.10634201,0.116558119,0.976877705,0.008969589,0.666766683,0.011520867,0.96876212,0.017227247
MG1655_pKPC,MG1655,pKPC,LB,0.087222223,0.000382357,0.001041043,0.53782222,0.162455305,0.164253118,0.003201082,0.006513341,0.948199833,0.038016298,0.70108255,0.020458265,0.89785401,0.027068793,13.11655791,0.065203873,0.977639144,0.005348416,0.688766658,0.005418108,1.000726438,0.008925688
MG1655_pOXA48,MG1655,pOXA48,LB,0.088244443,0.001731259,0.001989204,0.57534444,0.15777947,0.159846545,0.013628249,0.01469967,0.920908475,0.085797286,0.634020392,0.016575878,0.811969648,0.022101472,13.20267878,0.213286666,0.98405814,0.016055377,0.687066654,0.00882046,0.998256459,0.013485059
MG1655+Cm,MG1655+Cm,NA,LB,0.08468889,0.000807248,0.001141621,0.614066667,0.141804956,0.148702067,0.00959632,0.013571246,1,0.095703611,0.734549332,0.01874047,1,0.036080664,12.6963458,0.223403509,1,0.024884347,0.659066657,0.012696915,1,0.027244816
MG1655+Cm_pESBL1,MG1655+Cm,pESBL1,LB,0.083377778,0.000556909,0.000970452,0.668644438,0.130583392,0.131060827,0.009168904,0.012734209,0.920866212,0.089800874,0.695626975,0.008182385,0.947011922,0.026605238,12.70304533,0.30140513,1.000527674,0.02955515,0.671866655,0.013613081,1.019421401,0.028501383
MG1655+Cm_pESBL15,MG1655+Cm,pESBL15,LB,0.086177777,0.000587571,0.001009952,0.526744449,0.164304402,0.169730664,0.004452745,0.011977365,1.158664739,0.084463657,0.652318788,0.031214314,0.888053068,0.048157177,12.91579301,0.156765019,1.017284281,0.021745471,0.678366661,0.00597274,1.029283842,0.021801894
MG1655+Cm_pESBL25,MG1655+Cm,pESBL25,LB,0.092222223,0.00124828,0.001526742,0.510766675,0.18227871,0.179181188,0.010590175,0.016257648,1.285418477,0.114647955,0.711634182,0.016685747,0.968803797,0.033569756,12.94160435,0.0604546,1.019317255,0.018557083,0.671966672,0.002742732,1.019573157,0.020078082
MG1655+Cm_pKPC,MG1655+Cm,pKPC,LB,0.091799999,0.001201375,0.001486264,0.562544445,0.163616094,0.160674163,0.006985209,0.013091593,1.153810833,0.092321127,0.642513388,0.016178077,0.874704203,0.031354302,13.78264133,0.116893973,1.085559699,0.021204482,0.705033322,0.007168786,1.069745093,0.023302978
MG1655+Cm_pOXA48,MG1655+Cm,pOXA48,LB,0.0861,0.000668724,0.001058649,0.580766665,0.152078219,0.152963676,0.007861213,0.012950461,1.072446435,0.091325873,0.68785269,0.00832278,0.936428174,0.026441601,13.56050656,0.243633735,1.068063738,0.026859362,0.706566671,0.008161718,1.072071639,0.02408158
MG1655+Stm,MG1655+Stm,NA,LB,0.178366668,0.003983441,0.005633437,0.560022222,0.318430232,0.321076701,0.021031384,0.029742868,1,0.093404662,0.606421259,0.013312387,1,0.031045347,12.53090819,0.101544746,1,0.01146014,0.669433335,0.004176176,1,0.008822393
MG1655+Stm_pESBL1,MG1655+Stm,pESBL1,LB,0.161733332,0.004473074,0.005749324,0.618744446,0.262521122,0.250801272,0.022849984,0.02868369,0.824422732,0.090078412,0.58353113,0.00852954,0.962253749,0.025378095,12.55009883,0.108725181,1.001531464,0.011880715,0.67566667,0.003508776,1.00931136,0.008192548
MG1655+Stm_pESBL15,MG1655+Stm,pESBL15,LB,0.22027778,0.007639822,0.00908668,0.559811109,0.394350462,0.359328918,0.042602055,0.049933087,1.238420296,0.156810132,0.577372032,0.021031021,0.952097281,0.040491773,12.32202699,0.252958957,0.983330721,0.021702612,0.661200007,0.007559325,0.987701049,0.012863825
MG1655+Stm_pESBL25,MG1655+Stm,pESBL25,LB,0.182111112,0.004381067,0.005977857,0.548488892,0.332666907,0.325331888,0.023665353,0.032292467,1.044708931,0.101411435,0.546747171,0.00112993,0.901596313,0.019879693,12.08319735,0.061661228,0.964271477,0.009234307,0.658900003,0.002783488,0.984265301,0.007415592
MG1655+Stm_pKPC,MG1655+Stm,pKPC,LB,0.253933335,0.010445084,0.011885316,0.543633332,0.467607696,0.426353832,0.058460795,0.066117269,1.468477705,0.207635025,0.612896855,0.014362861,1.010678379,0.032453278,12.83063888,0.182084955,1.023919311,0.016732976,0.688633343,0.005455314,1.028680986,0.010372578
MG1655+Stm_pOXA48,MG1655+Stm,pOXA48,LB,0.210966667,0.00514424,0.006975771,0.53559999,0.398983563,0.382390641,0.035943474,0.044568432,1.25297011,0.139962943,0.569862856,0.015498323,0.93971451,0.032843808,12.48127734,0.154519659,0.996039325,0.014737837,0.676366667,0.001224892,1.010357016,0.006563199
cESBL1,cESBL1,NA,LB,0.08161111,0.000791787,0.001119756,0.621399999,0.131489916,0.126659386,0.004315884,0.006103582,1,0.046418628,0.58121863,0.016461176,1,0.040053117,13.23021117,0.096514567,1,0.010316707,0.68173333,0.005473808,1,0.011355075
cESBL15,cESBL15,NA,LB,0.083433333,0.001096529,0.001550726,0.679433333,0.122542882,0.122641511,0.002198361,0.003108952,1,0.025370322,0.737647442,0.008789338,1,0.016850869,14.6332362,0.062304382,1,0.006021341,0.732033332,0.00330056,1,0.006376345
cESBL15_pESBL1,cESBL15,pESBL1,LB,0.080355556,0.000635695,0.001232644,0.673522227,0.119617031,0.119325942,0.003602077,0.004192819,0.97612386,0.034215117,0.745814209,0.032255339,1.011071369,0.04535653,14.47660684,0.113657533,0.989296328,0.008835713,0.731399993,0.003131741,0.999134822,0.006212584
cESBL15_pESBL15,cESBL15,pESBL15,LB,0.082844445,0.00080573,0.001354498,0.677533335,0.122697335,0.12602697,0.00463263,0.005128961,1.001260401,0.041854417,0.847804756,0.021837501,1.149335994,0.03261837,14.56373559,0.058593687,0.995250496,0.005830069,0.728199998,0.003417599,0.994763443,0.006474003
cESBL15_pESBL25,cESBL15,pESBL25,LB,0.219544446,0.003966134,0.004904655,0.556333337,0.39430665,0.412304398,0.020453279,0.021641938,2.998759607,0.164590098,0.571865125,0.018015614,0.775255349,0.026111621,12.7288191,0.185709281,0.869856738,0.013220299,0.681833327,0.005110592,0.931423881,0.008147134
cESBL15_pKPC,cESBL15,pKPC,LB,0.083333334,0.00066574,0.001281681,0.685900006,0.121780139,0.120436418,0.003492486,0.0041195,0.926155725,0.031329397,0.70675542,0.043693369,0.958120885,0.06032354,15.13798584,0.075496079,1.034493371,0.006783657,0.784633318,0.009276098,1.071854632,0.013561967
cESBL15_pOXA48,cESBL15,pOXA48,LB,0.079555557,0.00052258,0.001168887,0.673955566,0.11866051,0.11656079,0.003503171,0.004099223,0.968318261,0.033451332,0.65676913,0.033690197,0.890356412,0.04688844,13.53213298,0.338779936,0.924753267,0.023483827,0.703499993,0.016692917,0.961021804,0.023211512
cESBL1_pESBL1,cESBL1,pESBL1,LB,0.07721111,0.000734184,0.001048892,0.627344436,0.123124329,0.119012825,0.003333704,0.005238864,0.936378489,0.039842327,0.551851968,0.006356286,0.949473984,0.029029578,12.93305902,0.110366767,0.977539879,0.01097465,0.680466672,0.00815164,0.998142004,0.01439461
cESBL1_pESBL15,cESBL1,pESBL15,LB,0.089544443,0.001908583,0.002097004,0.632733332,0.142097277,0.135469266,0.010112087,0.011135872,1.080670522,0.084689934,0.571557817,0.001139867,0.983378349,0.027920039,12.98547713,0.07514607,0.98150188,0.009139348,0.689999998,0.00755212,1.012125955,0.013738994
cESBL1_pESBL25,cESBL1,pESBL25,LB,0.085011111,0.000712746,0.001090073,0.584911101,0.145335053,0.142030515,0.002936415,0.005601652,1.185993428,0.04571177,0.530967205,0.008388694,0.913541269,0.029626513,12.64516535,0.130532852,0.955779555,0.012081308,0.658766687,0.003503389,0.966311398,0.009306291
cESBL1_pKPC,cESBL1,pKPC,LB,0.077455556,0.000522934,0.000915515,0.623788887,0.124127348,0.12446283,0.001895957,0.004493767,1.012929886,0.036670978,0.606555993,0.013665456,1.043593515,0.037767538,13.40021904,0.102009386,1.012849974,0.010679091,0.699099998,0.005840384,1.025474283,0.011882262
cESBL1_pOXA48,cESBL1,pOXA48,LB,0.080055555,0.00098786,0.001256632,0.62378888,0.128394696,0.126641963,0.004604009,0.006241565,0.976460399,0.047468015,0.599984494,0.02889926,1.0322871,0.057680329,13.33813059,0.177554494,1.008157044,0.015303451,0.682900011,0.006198482,1.001711345,0.012139131
MG1655,MG1655,NA,M9,0.108788889,0.002059249,0.002912218,0.2218,0.492655217,0.514866197,0.008776711,0.012412144,1,0.025194383,0.254514167,0.005825775,1,0.032371049,5.741251174,0.165669255,1,0.040808475,0.336266667,0.011613992,1,0.048844166
MG1655_pESBL1,MG1655,pESBL1,M9,0.107137501,0.001803953,0.00271422,0.222337497,0.483957897,0.464064381,0.009313353,0.012691471,0.982346031,0.025761364,0.247470775,0.004449032,0.97232613,0.028300391,6.619361887,0.271913996,1.152947622,0.05787884,0.39653333,0.012837502,1.179222828,0.05582314
MG1655_pESBL15,MG1655,pESBL15,M9,0.103999999,0.001708421,0.002606548,0.23544444,0.449204763,0.453395797,0.008733217,0.011845306,0.911803525,0.024043805,0.248277066,0.002884982,0.975494091,0.025041277,6.037290659,0.149696726,1.051563584,0.040007471,0.353966663,0.011598482,1.052636784,0.050114388
MG1655_pESBL25,MG1655,pESBL25,M9,0.111633334,0.001308838,0.002485601,0.225600001,0.494431509,0.499344681,0.004392842,0.009842977,1.003605548,0.019979444,0.230166861,0.004726848,0.904338111,0.027810344,5.576217684,0.037604875,0.971254787,0.028781684,0.333900005,0.002811287,0.992961949,0.035299275
MG1655_pKPC,MG1655,pKPC,M9,0.10349,0.00129033,0.002345725,0.224100003,0.463450384,0.455736992,0.004547873,0.009426117,0.940719531,0.019133294,0.236382209,0.003978068,0.928758551,0.026386495,5.788832137,0.057652013,1.00828756,0.030779224,0.349100003,0.002543836,1.038164163,0.036645494
MG1655_pOXA48,MG1655,pOXA48,M9,0.112755556,0.002445991,0.003246268,0.245233334,0.470345893,0.47759104,0.008219419,0.011737588,0.954716152,0.023825158,0.24288115,0.011768789,0.954293244,0.05113999,5.859932781,0.126461502,1.020671732,0.036778087,0.35710001,0.005692197,1.061954826,0.040395649
MG1655+Cm,MG1655+Cm,NA,M9,0.107377779,0.002191959,0.003099898,0.267722224,0.422319699,0.425212608,0.009959462,0.014084806,1,0.033351052,0.238607597,0.005211208,1,0.030886533,5.996663546,0.176007908,1,0.041508544,0.372666667,0.007019052,1,0.026636241
MG1655+Cm_pESBL1,MG1655+Cm,pESBL1,M9,0.120455556,0.002450983,0.003471832,0.384722216,0.342440335,0.326509471,0.013373849,0.01562295,0.810855701,0.036993183,0.253867962,0.01299749,1.063955906,0.059221425,6.793794898,0.10296059,1.132929144,0.03742366,0.398633341,0.00139297,1.069678016,0.020490833
MG1655+Cm_pESBL15,MG1655+Cm,pESBL15,M9,0.098144444,0.001107969,0.002289433,0.227055556,0.43641036,0.419973256,0.007444292,0.012701881,1.033364917,0.030076459,0.229253307,0.007206641,0.960796345,0.036776864,5.848708323,0.182686221,0.975327076,0.041804164,0.326699992,0.015035957,0.876654718,0.043594778
MG1655+Cm_pESBL25,MG1655+Cm,pESBL25,M9,0.108566667,0.002100184,0.003053267,0.228077777,0.475740452,0.461645721,0.005548407,0.012516264,1.126493634,0.02963694,0.232229461,0.007324754,0.973269351,0.037338866,5.995451075,0.117965215,0.999797809,0.035328619,0.357633333,0.006469101,0.959660106,0.025060611
MG1655+Cm_pKPC,MG1655+Cm,pKPC,M9,0.112022223,0.001624454,0.002805024,0.216433333,0.522680532,0.491913196,0.009991633,0.015867233,1.237641847,0.037571615,0.224890205,0.004519739,0.942510665,0.027973678,5.86462833,0.132977852,0.977981887,0.03627265,0.36803333,0.016155642,0.987567074,0.047173373
MG1655+Cm_pOXA48,MG1655+Cm,pOXA48,M9,0.109644444,0.001522852,0.002707166,0.212244444,0.517303276,0.525248339,0.006597401,0.013869101,1.224909181,0.032840288,0.249573626,0.015211022,1.045958424,0.067718453,5.836746334,0.12869362,0.973332302,0.035731133,0.367066662,0.01435213,0.984973153,0.042747348
MG1655+Stm,MG1655+Stm,NA,M9,0.418299992,0.021479856,0.030377104,0.263233334,1.734978424,1.614858644,0.096068537,0.135861428,1,0.078307272,0.223311194,0.014351307,1,0.090885782,6.29264884,0.269434127,1,0.060552783,0.402200003,0.005334581,1,0.018757426
MG1655+Stm_pESBL1,MG1655+Stm,pESBL1,M9,0.460755557,0.012958695,0.026976317,0.229455555,2.05131154,2.191586547,0.06064436,0.128760073,1.18232683,0.074214221,0.222124398,0.007522425,0.994685461,0.072256944,5.710802772,0.534872041,0.907535589,0.09346056,0.405500004,0.01979548,1.008204876,0.051002261
MG1655+Stm_pESBL15,MG1655+Stm,pESBL15,M9,0.432777772,0.017018532,0.027991164,0.242988886,1.858431304,1.51654845,0.090536436,0.13706256,1.071155282,0.078999576,0.214269153,0.01271967,0.959509235,0.083945181,6.795219974,0.357088519,1.079866388,0.073198835,0.444433342,0.014514144,1.105005815,0.038949565
MG1655+Stm_pESBL25,MG1655+Stm,pESBL25,M9,0.433444444,0.017003359,0.028009138,0.248388887,1.802169384,1.408669992,0.086887906,0.132315359,1.038727259,0.076263403,0.209607431,0.005926162,0.938633784,0.065901562,5.835946402,0.062031554,0.927422863,0.040915013,0.409133335,0.002964673,1.017238518,0.015374385
MG1655+Stm_pKPC,MG1655+Stm,pKPC,M9,0.450955548,0.014450819,0.027295794,0.229600002,2.035381438,2.339694575,0.079416272,0.13787226,1.1731451,0.079466268,0.192604034,0.008250501,0.862491622,0.066613654,5.269436936,0.210680806,0.837395677,0.049056326,0.391666671,0.021101481,0.973810711,0.05403164
MG1655+Stm_pOXA48,MG1655+Stm,pOXA48,M9,0.409622225,0.011241412,0.023849717,0.238633331,1.740707148,1.771212085,0.056777983,0.111865773,1.003301899,0.064476752,0.191791241,0.006990934,0.85885189,0.063454973,5.535340436,0.210688421,0.879651889,0.050394666,0.37773333,0.018777711,0.939167895,0.048320706
cESBL1,cESBL1,NA,M9,0.079588889,0.000787547,0.001113759,0.377911111,0.228363683,0.19462102,0.010826341,0.015310758,1,0.067045505,0.423254334,0.018358995,1,0.061342644,8.536891913,0.424531329,1,0.070327465,0.504833331,0.028623714,1,0.080184969
cESBL15,cESBL15,NA,M9,0.080288889,0.000729672,0.001031912,0.329533332,0.247591718,0.246891665,0.004700163,0.006647035,1,0.026846756,0.422271988,0.009729361,1,0.032584199,9.433585095,0.212551826,1,0.031864203,0.597766678,0.023345934,1,0.055232481
cESBL15_pESBL1,cESBL15,pESBL1,M9,0.078466668,0.001074293,0.001289431,0.30906667,0.256161308,0.256538361,0.004307493,0.006496287,1.034611777,0.026237903,0.375352066,0.009670412,0.888886965,0.030722933,8.711958422,0.144669283,0.923504514,0.025848514,0.552933335,0.01386908,0.924998591,0.042934854
cESBL15_pESBL15,cESBL15,pESBL15,M9,0.081600001,0.000643414,0.000981801,0.288533335,0.289015256,0.291084843,0.005630055,0.007861267,1.16730583,0.031750927,0.351871555,0.0082151,0.833281783,0.027332931,9.040638025,0.14479932,0.958345945,0.026492534,0.562166671,0.007884333,0.940444979,0.039025762
cESBL15_pESBL25,cESBL15,pESBL25,M9,0.432144441,0.017900847,0.018326607,0.256444446,1.799864561,1.925551444,0.080624513,0.087565682,7.881570919,0.383448371,0.199946895,0.007037405,0.473502626,0.019918931,6.003346509,0.218221605,0.636380172,0.027215844,0.413366675,0.015839765,0.691518431,0.037835938
cESBL15_pKPC,cESBL15,pKPC,M9,0.080166667,0.000999429,0.001236794,0.321633336,0.251008351,0.251898336,0.003667475,0.006012971,1.099160549,0.026330678,0.345289493,0.011577226,0.817694526,0.033265816,8.586423143,0.131592423,0.910197243,0.024802481,0.55703334,0.008154095,0.931857463,0.038866357
cESBL15_pOXA48,cESBL15,pOXA48,M9,0.082388889,0.001029959,0.001273363,0.335111111,0.246887169,0.249511039,0.002762989,0.005440597,0.997154392,0.021974067,0.377300683,0.012282158,0.893501567,0.035634289,8.944313673,0.047524332,0.948135156,0.021948776,0.566166679,0.00496368,0.947136567,0.037911225
cESBL1_pESBL1,cESBL1,pESBL1,M9,0.076533333,0.000359612,0.000838356,0.375522226,0.207462665,0.205045623,0.003471912,0.010430265,0.90847486,0.045673921,0.354350302,0.019917524,0.83720419,0.059440692,8.684289068,0.184798096,1.017265904,0.055024561,0.549633334,0.026589812,1.088742165,0.081147336
cESBL1_pESBL15,cESBL1,pESBL15,M9,0.0826,0.000917306,0.001228616,0.422266665,0.196184441,0.19614712,0.001988123,0.009510893,0.859087742,0.041648009,0.413972719,0.040018517,0.978070833,0.103631409,9.13707442,0.311798927,1.070304569,0.064551557,0.543733339,0.008401479,1.07705515,0.063295321
cESBL1_pESBL25,cESBL1,pESBL25,M9,0.080455555,0.000485312,0.000932383,0.413644446,0.197569742,0.193928738,0.002876101,0.00979808,0.797965873,0.039573538,0.376938368,0.02425766,0.890571786,0.069115226,8.440779865,0.130860848,0.988741564,0.051503203,0.465733339,0.005868973,0.922548711,0.053584233
cESBL1_pKPC,cESBL1,pKPC,M9,0.079577777,0.000459024,0.00091146,0.428944442,0.186513424,0.191314289,0.001910536,0.009046339,0.753310429,0.036537323,0.352377018,0.022767342,0.83254202,0.06478872,8.633758003,0.330192413,1.011346763,0.063446241,0.517966678,0.02410093,1.026015214,0.075255575
cESBL1_pOXA48,cESBL1,pOXA48,M9,0.078422222,0.000403219,0.000874509,0.378344446,0.215187403,0.205770687,0.005222619,0.0114608,0.942301334,0.050186614,0.371305157,0.013202143,0.877262504,0.049202559,9.283754903,0.259960082,1.087486523,0.062063631,0.546166668,0.014857705,1.081875214,0.068036543