strain,host,plasmid,medium,replicate,plate,well,OD_abs,OD_culture,OD_norm,OD_norm.rel
cESBL1,cESBL1,NA,LB,1,1,A10,0.085299999,0.608699977,0.140134716,1.065744963
cESBL1,cESBL1,NA,LB,3,1,A12,0.091799997,0.603799999,0.152037093,1.156264277
cESBL1,cESBL1,NA,LB,2,1,D8,0.072999999,0.611100018,0.119456712,0.908485725
cESBL1,cESBL1,NA,LB,3,2,E8,0.088399999,0.60680002,0.145682261,1.107934852
cESBL1,cESBL1,NA,LB,1,2,F9,0.088699996,0.637000024,0.139246457,1.058989624
cESBL1,cESBL1,NA,LB,2,2,G11,0.0766,0.628499985,0.121877489,0.926896088
cESBL1,cESBL1,NA,LB,2,3,B12,0.074500002,0.609899998,0.122151176,0.928977517
cESBL1,cESBL1,NA,LB,1,3,C9,0.075099997,0.646499991,0.116163957,0.883443843
cESBL1,cESBL1,NA,LB,3,3,G5,0.081100002,0.640299976,0.126659386,0.963263112
cESBL1_pESBL1,cESBL1,pESBL1,LB,1,1,A3,0.073299997,0.61589998,0.119012825,0.9051099
cESBL1_pESBL1,cESBL1,pESBL1,LB,1,1,A4,0.069399998,0.58829999,0.117967022,0.897156415
cESBL1_pESBL1,cESBL1,pESBL1,LB,3,1,H6,0.076099999,0.666499972,0.114178548,0.868344518
cESBL1_pESBL1,cESBL1,pESBL1,LB,3,2,E6,0.089400001,0.645799994,0.138432954,1.052802815
cESBL1_pESBL1,cESBL1,pESBL1,LB,2,2,F8,0.077299997,0.619899988,0.12469753,0.948342911
cESBL1_pESBL1,cESBL1,pESBL1,LB,1,2,G8,0.086400002,0.621100008,0.139108036,1.057936912
cESBL1_pESBL1,cESBL1,pESBL1,LB,1,3,D5,0.071400002,0.634199977,0.112582788,0.85620853
cESBL1_pESBL1,cESBL1,pESBL1,LB,2,3,E4,0.075099997,0.650900006,0.115378701,0.877471857
cESBL1_pESBL1,cESBL1,pESBL1,LB,3,3,F4,0.076499999,0.603500009,0.126760559,0.964032547
cESBL1_pESBL15,cESBL1,pESBL15,LB,1,1,B2,0.086499996,0.611599982,0.141432307,1.075613332
cESBL1_pESBL15,cESBL1,pESBL15,LB,2,1,C7,0.077799998,0.574299991,0.135469266,1.030263535
cESBL1_pESBL15,cESBL1,pESBL15,LB,3,1,G12,0.082900003,0.661599994,0.125302303,0.952942298
cESBL1_pESBL15,cESBL1,pESBL15,LB,3,2,C5,0.092299998,0.635100007,0.145331439,1.1052668
cESBL1_pESBL15,cESBL1,pESBL15,LB,2,2,F10,0.077299997,0.649900019,0.118941368,0.904566459
cESBL1_pESBL15,cESBL1,pESBL15,LB,1,2,G4,0.085199997,0.647499979,0.131583011,1.000707999
cESBL1_pESBL15,cESBL1,pESBL15,LB,3,3,A4,0.133000001,0.60860002,0.218534336,1.661985513
cESBL1_pESBL15,cESBL1,pESBL15,LB,1,3,G6,0.091399997,0.637799978,0.143305112,1.089856287
cESBL1_pESBL15,cESBL1,pESBL15,LB,2,3,G12,0.079499997,0.668200016,0.118976347,0.904832479
cESBL1_pESBL25,cESBL1,pESBL25,LB,3,1,F7,0.0858,0.5722,0.14994757,1.223633453
cESBL1_pESBL25,cESBL1,pESBL25,LB,2,1,F12,0.078299999,0.551999986,0.141847828,1.157536248
cESBL1_pESBL25,cESBL1,pESBL25,LB,1,1,G3,0.078400001,0.559300005,0.140175219,1.143887075
cESBL1_pESBL25,cESBL1,pESBL25,LB,2,2,A8,0.098200001,0.611199975,0.160667547,1.311112847
cESBL1_pESBL25,cESBL1,pESBL25,LB,1,2,B6,0.086900003,0.599799991,0.144881635,1.182293353
cESBL1_pESBL25,cESBL1,pESBL25,LB,3,2,H5,0.090999998,0.584800005,0.155608751,1.269831004
cESBL1_pESBL25,cESBL1,pESBL25,LB,1,3,A8,0.082999997,0.586799979,0.141445126,1.154250035
cESBL1_pESBL25,cESBL1,pESBL25,LB,2,3,B7,0.081,0.570299983,0.142030515,1.159027049
cESBL1_pESBL25,cESBL1,pESBL25,LB,3,3,B9,0.082500003,0.627799988,0.131411285,1.072369792
cESBL1_pKPC1,cESBL1,pKPC1,LB,2,1,F4,0.0704,0.586799979,0.119972737,0.979026566
cESBL1_pKPC1,cESBL1,pKPC1,LB,3,1,G1,0.0735,0.627499998,0.117131474,0.955840698
cESBL1_pKPC1,cESBL1,pKPC1,LB,1,1,H1,0.080499999,0.628300011,0.128123504,1.045540155
cESBL1_pKPC1,cESBL1,pKPC1,LB,1,2,C1,0.078199998,0.628300011,0.12446283,1.015667559
cESBL1_pKPC1,cESBL1,pKPC1,LB,3,2,H2,0.084299996,0.626699984,0.134514119,1.097690186
cESBL1_pKPC1,cESBL1,pKPC1,LB,2,2,H6,0.081200004,0.647700012,0.125366685,1.023043386
cESBL1_pKPC1,cESBL1,pKPC1,LB,2,3,A3,0.076800004,0.64139998,0.119738082,0.977111685
cESBL1_pKPC1,cESBL1,pKPC1,LB,3,3,G10,0.071800001,0.603200018,0.119031828,0.971348364
cESBL1_pKPC1,cESBL1,pKPC1,LB,1,3,H3,0.080399998,0.624199986,0.128804869,1.051100372
cESBL1_pOXA48,cESBL1,pOXA48,LB,2,1,A5,0.069399998,0.593699992,0.116894052,0.888996322
cESBL1_pOXA48,cESBL1,pOXA48,LB,1,1,A8,0.075199999,0.593800008,0.126641963,0.963130608
cESBL1_pOXA48,cESBL1,pOXA48,LB,3,1,G6,0.072300002,0.624199986,0.115828266,0.880890864
cESBL1_pOXA48,cESBL1,pOXA48,LB,1,2,A7,0.095799997,0.632499993,0.151462448,1.151894018
cESBL1_pOXA48,cESBL1,pOXA48,LB,3,2,B10,0.085000001,0.629899979,0.13494206,1.026254056
cESBL1_pOXA48,cESBL1,pOXA48,LB,2,2,E7,0.090099998,0.634000003,0.14211356,1.08079436
cESBL1_pOXA48,cESBL1,pOXA48,LB,1,3,B10,0.0823,0.595799983,0.138133606,1.050526229
cESBL1_pOXA48,cESBL1,pOXA48,LB,3,3,D8,0.077399999,0.666700006,0.116094193,0.882913278
cESBL1_pOXA48,cESBL1,pOXA48,LB,2,3,D9,0.072999999,0.64349997,0.113442117,0.862743853
cESBL15,cESBL15,NA,LB,1,1,C2,0.079999998,0.647400022,0.123571201,1.008391502
cESBL15,cESBL15,NA,LB,3,1,D7,0.076700002,0.625400007,0.122641511,1.000804852
cESBL15,cESBL15,NA,LB,2,1,F11,0.075300001,0.667299986,0.112842803,0.92084339
cESBL15,cESBL15,NA,LB,1,2,C4,0.0902,0.695299983,0.129728177,1.058634943
cESBL15,cESBL15,NA,LB,3,2,D9,0.084899999,0.669799984,0.126754257,1.03436654
cESBL15,cESBL15,NA,LB,2,2,E9,0.081900001,0.674199998,0.121477308,0.99130448
cESBL15,cESBL15,NA,LB,2,3,C2,0.074699998,0.659200013,0.113319169,0.924730731
cESBL15,cESBL15,NA,LB,1,3,C11,0.080899999,0.671999991,0.120386904,0.982406337
cESBL15,cESBL15,NA,LB,3,3,H1,0.106299996,0.80430001,0.132164609,1.078517224
cESBL15_pESBL1,cESBL15,pESBL1,LB,3,1,F1,0.075599998,0.725600004,0.104189633,0.850229986
cESBL15_pESBL1,cESBL15,pESBL1,LB,2,1,F6,0.0766,0.674000025,0.113649848,0.927429207
cESBL15_pESBL1,cESBL15,pESBL1,LB,1,1,G11,0.083499998,0.678900003,0.122993073,1.003673742
cESBL15_pESBL1,cESBL15,pESBL1,LB,2,2,B12,0.089100003,0.634299994,0.140469816,1.146291107
cESBL15_pESBL1,cESBL15,pESBL1,LB,3,2,C6,0.081900001,0.735199988,0.111398262,0.909055345
cESBL15_pESBL1,cESBL15,pESBL1,LB,1,2,C11,0.079800002,0.644900024,0.123740114,1.009769902
cESBL15_pESBL1,cESBL15,pESBL1,LB,3,3,A1,0.071000002,0.631799996,0.112377339,0.917045014
cESBL15_pESBL1,cESBL15,pESBL1,LB,1,3,C12,0.078599997,0.658699989,0.119325942,0.973748454
cESBL15_pESBL1,cESBL15,pESBL1,LB,2,3,F6,0.087099999,0.678300023,0.128409253,1.047871984
cESBL15_pESBL15,cESBL15,pESBL15,LB,2,1,A2,0.076800004,0.663699985,0.11571494,0.944281202
cESBL15_pESBL15,cESBL15,pESBL15,LB,1,1,E6,0.081299998,0.645099998,0.12602697,1.028431581
cESBL15_pESBL15,cESBL15,pESBL15,LB,3,1,G7,0.084100001,0.651300013,0.129126361,1.053723878
cESBL15_pESBL15,cESBL15,pESBL15,LB,3,2,A6,0.0942,0.660000026,0.142727267,1.16471283
cESBL15_pESBL15,cESBL15,pESBL15,LB,1,2,C10,0.082800001,0.696099997,0.118948429,0.970667794
cESBL15_pESBL15,cESBL15,pESBL15,LB,2,2,D7,0.092600003,0.688499987,0.134495286,1.097536501
cESBL15_pESBL15,cESBL15,pESBL15,LB,1,3,B8,0.085199997,0.646499991,0.13178654,1.075432026
cESBL15_pESBL15,cESBL15,pESBL15,LB,3,3,D2,0.075800002,0.722800016,0.10486995,0.855781651
cESBL15_pESBL15,cESBL15,pESBL15,LB,2,3,G2,0.072800003,0.723800004,0.100580274,0.820776142
cESBL15_pESBL25,cESBL15,pESBL25,LB,1,1,A6,0.241899997,0.580600023,0.416637939,3.16859232
cESBL15_pESBL25,cESBL15,pESBL25,LB,3,1,B6,0.229200006,0.555899978,0.412304398,3.135635108
cESBL15_pESBL25,cESBL15,pESBL25,LB,2,1,B12,0.227300003,0.546199977,0.416147954,3.164865912
cESBL15_pESBL25,cESBL15,pESBL25,LB,2,2,F6,0.272300005,0.540600002,0.503699601,3.830708963
cESBL15_pESBL25,cESBL15,pESBL25,LB,3,2,F7,0.233899996,0.597000003,0.391792286,2.979637503
cESBL15_pESBL25,cESBL15,pESBL25,LB,1,2,G12,0.189400002,0.572000027,0.33111887,2.518207321
cESBL15_pESBL25,cESBL15,pESBL25,LB,3,3,B1,0.174799994,0.525399983,0.332698895,2.530223642
cESBL15_pESBL25,cESBL15,pESBL25,LB,1,3,D3,0.243100002,0.557900012,0.435741168,3.313875164
cESBL15_pESBL25,cESBL15,pESBL25,LB,2,3,D11,0.164000005,0.531400025,0.308618737,2.347090527
cESBL15_pKPC1,cESBL15,pKPC1,LB,1,1,B11,0.079000004,0.649500012,0.121632028,0.925029321
cESBL15_pKPC1,cESBL15,pKPC1,LB,2,1,D5,0.082500003,0.730300009,0.112967277,0.859132625
cESBL15_pKPC1,cESBL15,pKPC1,LB,3,1,E11,0.084600002,0.742200017,0.113985448,0.866875964
cESBL15_pKPC1,cESBL15,pKPC1,LB,3,2,B8,0.086199999,0.65170002,0.132269443,1.005928414
cESBL15_pKPC1,cESBL15,pKPC1,LB,2,2,C9,0.086099997,0.714900017,0.120436418,0.915936532
cESBL15_pKPC1,cESBL15,pKPC1,LB,1,2,G10,0.095200002,0.664900005,0.143179428,1.088900442
cESBL15_pKPC1,cESBL15,pKPC1,LB,2,3,D6,0.078100003,0.632099986,0.123556407,0.939664504
cESBL15_pKPC1,cESBL15,pKPC1,LB,3,3,E5,0.074299999,0.680299997,0.10921652,0.830607571
cESBL15_pKPC1,cESBL15,pKPC1,LB,1,3,G9,0.083999999,0.707199991,0.11877828,0.903326151
cESBL15_pOXA48,cESBL15,pOXA48,LB,3,1,C1,0.072300002,0.546299994,0.132344871,1.079988235
cESBL15_pOXA48,cESBL15,pOXA48,LB,1,1,F5,0.079000004,0.689300001,0.114609029,0.935256516
cESBL15_pOXA48,cESBL15,pOXA48,LB,2,1,F9,0.078900002,0.676900029,0.11656079,0.951183684
cESBL15_pOXA48,cESBL15,pOXA48,LB,1,2,C2,0.082500003,0.678900003,0.12152011,0.991653762
cESBL15_pOXA48,cESBL15,pOXA48,LB,2,2,C3,0.088399999,0.673300028,0.131293621,1.071409606
cESBL15_pOXA48,cESBL15,pOXA48,LB,3,2,E1,0.082900003,0.639699996,0.129592001,1.057523691
cESBL15_pOXA48,cESBL15,pOXA48,LB,2,3,E2,0.079999998,0.738300025,0.10835703,0.884237649
cESBL15_pOXA48,cESBL15,pOXA48,LB,3,3,F3,0.076099999,0.705200016,0.107912645,0.880611286
cESBL15_pOXA48,cESBL15,pOXA48,LB,1,3,H5,0.075900003,0.717700005,0.105754497,0.862999916
MG1655,MG1655,NA,LB,3,1,D10,0.101499997,0.538600028,0.188451526,1.099931487
MG1655,MG1655,NA,LB,1,1,E2,0.083800003,0.514299989,0.162939928,0.951028421
MG1655,MG1655,NA,LB,2,1,E5,0.1008,0.544200003,0.185226019,1.081105231
MG1655,MG1655,NA,LB,2,2,E2,0.095700003,0.569800019,0.167953668,0.980292024
MG1655,MG1655,NA,LB,3,2,E5,0.102300003,0.529600024,0.19316465,1.127440489
MG1655,MG1655,NA,LB,1,2,F4,0.093900003,0.569000006,0.165026365,0.963206289
MG1655,MG1655,NA,LB,1,3,B11,0.094700001,0.507700026,0.18652747,1.088701385
MG1655,MG1655,NA,LB,3,3,C3,0.080600001,0.560299993,0.143851512,0.839615422
MG1655,MG1655,NA,LB,2,3,F5,0.078299999,0.52609998,0.148831025,0.868679252
MG1655_pESBL1,MG1655,pESBL1,LB,3,1,B8,0.087499999,0.494700015,0.176874865,1.032362207
MG1655_pESBL1,MG1655,pESBL1,LB,1,1,D9,0.094099998,0.502900004,0.18711473,1.092129035
MG1655_pESBL1,MG1655,pESBL1,LB,2,1,E12,0.0889,0.523599982,0.169786102,0.990987357
MG1655_pESBL1,MG1655,pESBL1,LB,2,2,A12,0.124200001,0.4833,0.256983243,1.499929274
MG1655_pESBL1,MG1655,pESBL1,LB,3,2,D5,0.089000002,0.50059998,0.177786666,1.037684099
MG1655_pESBL1,MG1655,pESBL1,LB,1,2,D6,0.0845,0.649100006,0.130180248,0.759820612
MG1655_pESBL1,MG1655,pESBL1,LB,1,3,C4,0.0867,0.516799986,0.167763162,0.979180101
MG1655_pESBL1,MG1655,pESBL1,LB,2,3,C10,0.083099999,0.486799985,0.170706658,0.996360349
MG1655_pESBL1,MG1655,pESBL1,LB,3,3,G7,0.090599999,0.508899987,0.17803105,1.03911049
MG1655_pESBL15,MG1655,pESBL15,LB,3,1,D2,0.071099997,0.481900007,0.147540974,0.861149635
MG1655_pESBL15,MG1655,pESBL15,LB,2,1,D12,0.093999997,0.523800015,0.179457797,1.047437958
MG1655_pESBL15,MG1655,pESBL15,LB,1,1,G2,0.081200004,0.477800012,0.169945587,0.99191822
MG1655_pESBL15,MG1655,pESBL15,LB,3,2,A3,0.1052,0.517499983,0.203285031,1.186509927
MG1655_pESBL15,MG1655,pESBL15,LB,1,2,B3,0.092799999,0.53640002,0.173005211,1.00977627
MG1655_pESBL15,MG1655,pESBL15,LB,2,2,H4,0.097499996,0.523100019,0.186388822,1.087892141
MG1655_pESBL15,MG1655,pESBL15,LB,1,3,A11,0.095200002,0.507000029,0.187771197,1.095960623
MG1655_pESBL15,MG1655,pESBL15,LB,2,3,C6,0.093400002,0.528500021,0.176726581,1.03149672
MG1655_pESBL15,MG1655,pESBL15,LB,3,3,E7,0.090400003,0.520699978,0.173612458,1.013320577
MG1655_pESBL25,MG1655,pESBL25,LB,3,1,B1,0.0779,0.533999979,0.145880155,0.851455964
MG1655_pESBL25,MG1655,pESBL25,LB,1,1,E4,0.096500002,0.493299991,0.195621333,1.141779365
MG1655_pESBL25,MG1655,pESBL25,LB,2,1,F3,0.078699999,0.541999996,0.145202951,0.84750334
MG1655_pESBL25,MG1655,pESBL25,LB,3,2,E10,0.087899998,0.547599971,0.160518631,0.936896083
MG1655_pESBL25,MG1655,pESBL25,LB,1,2,G1,0.136500001,0.554899991,0.245990274,1.435766818
MG1655_pESBL25,MG1655,pESBL25,LB,2,2,H3,0.092,0.52579999,0.174971476,1.021252732
MG1655_pESBL25,MG1655,pESBL25,LB,3,3,D7,0.089900002,0.542800009,0.165622698,0.966686895
MG1655_pESBL25,MG1655,pESBL25,LB,2,3,D10,0.086099997,0.536300004,0.160544465,0.937046867
MG1655_pESBL25,MG1655,pESBL25,LB,1,3,G11,0.088500001,0.527199984,0.167867988,0.979791937
MG1655_pKPC1,MG1655,pKPC1,LB,1,1,B3,0.0858,0.517700016,0.165733044,0.967330949
MG1655_pKPC1,MG1655,pKPC1,LB,3,1,C3,0.082800001,0.504100025,0.164253118,0.958693093
MG1655_pKPC1,MG1655,pKPC1,LB,2,1,H3,0.086599998,0.524299979,0.165172614,0.964059898
MG1655_pKPC1,MG1655,pKPC1,LB,1,2,D8,0.0876,0.542400002,0.161504424,0.942649842
MG1655_pKPC1,MG1655,pKPC1,LB,3,2,D12,0.093800001,0.518899977,0.180767017,1.055079457
MG1655_pKPC1,MG1655,pKPC1,LB,2,2,F3,0.086800002,0.578299999,0.150095109,0.876057307
MG1655_pKPC1,MG1655,pKPC1,LB,1,3,B2,0.088500001,0.547999978,0.161496358,0.942602763
MG1655_pKPC1,MG1655,pKPC1,LB,3,3,B6,0.082900003,0.56129998,0.147692866,0.862036181
MG1655_pKPC1,MG1655,pKPC1,LB,2,3,C7,0.0902,0.545400023,0.165383197,0.965289004
MG1655_pOXA48,MG1655,pOXA48,LB,3,1,A9,0.088,0.516799986,0.170278641,0.99386215
MG1655_pOXA48,MG1655,pOXA48,LB,1,1,C6,0.080899999,0.496199995,0.163039096,0.951607233
MG1655_pOXA48,MG1655,pOXA48,LB,2,1,H4,0.075199999,0.551699996,0.136305962,0.795574452
MG1655_pOXA48,MG1655,pOXA48,LB,2,2,F1,0.082999997,0.580799997,0.142906331,0.834098702
MG1655_pOXA48,MG1655,pOXA48,LB,3,2,G9,0.087499999,0.547399998,0.159846545,0.932973331
MG1655_pOXA48,MG1655,pOXA48,LB,1,2,H1,0.083400004,0.842599988,0.098979355,0.577710945
MG1655_pOXA48,MG1655,pOXA48,LB,1,3,B4,0.128299996,0.512700021,0.25024379,1.460593235
MG1655_pOXA48,MG1655,pOXA48,LB,2,3,F1,0.080399998,0.591099977,0.136017595,0.793891345
MG1655_pOXA48,MG1655,pOXA48,LB,3,3,G3,0.087499999,0.538800001,0.162397918,0.947864882
MG1655+Cm,MG1655+Cm,NA,LB,1,1,D6,0.075000003,0.67110002,0.111756818,0.788102344
MG1655+Cm,MG1655+Cm,NA,LB,3,1,F2,0.081299998,0.821500003,0.098965304,0.697897358
MG1655+Cm,MG1655+Cm,NA,LB,2,1,F8,0.079700001,0.556299984,0.143268026,1.010317483
MG1655+Cm,MG1655+Cm,NA,LB,1,2,B1,0.089100003,0.584599972,0.152411918,1.074799658
MG1655+Cm,MG1655+Cm,NA,LB,3,2,D1,0.086499996,0.581700027,0.148702067,1.048638013
MG1655+Cm,MG1655+Cm,NA,LB,2,2,G2,0.100500003,0.538999975,0.186456414,1.314879392
MG1655+Cm,MG1655+Cm,NA,LB,2,3,E9,0.085500002,0.531799972,0.160774739,1.133773768
MG1655+Cm,MG1655+Cm,NA,LB,3,3,F8,0.084200002,0.517400026,0.162736757,1.1476098
MG1655+Cm,MG1655+Cm,NA,LB,1,3,G8,0.080399998,0.723200023,0.111172559,0.783982184
MG1655+Cm_pESBL1,MG1655+Cm,pESBL1,LB,2,1,C10,0.080499999,0.75029999,0.107290418,0.75660556
MG1655+Cm_pESBL1,MG1655+Cm,pESBL1,LB,1,1,E1,0.076399997,0.491600007,0.155410895,1.095948263
MG1655+Cm_pESBL1,MG1655+Cm,pESBL1,LB,3,1,E9,0.079700001,0.685899973,0.116197702,0.81941919
MG1655+Cm_pESBL1,MG1655+Cm,pESBL1,LB,1,2,B5,0.089400001,0.910099983,0.098230966,0.692718851
MG1655+Cm_pESBL1,MG1655+Cm,pESBL1,LB,2,2,F5,0.086599998,0.512199998,0.169074577,1.192303725
MG1655+Cm_pESBL1,MG1655+Cm,pESBL1,LB,3,2,G5,0.088200003,0.928300023,0.095012389,0.67002164
MG1655+Cm_pESBL1,MG1655+Cm,pESBL1,LB,1,3,D1,0.078400001,0.528400004,0.148372446,1.046313545
MG1655+Cm_pESBL1,MG1655+Cm,pESBL1,LB,2,3,E12,0.089199997,0.680599988,0.131060827,0.924233052
MG1655+Cm_pESBL1,MG1655+Cm,pESBL1,LB,3,3,G1,0.082000002,0.530399978,0.154600312,1.090232081
MG1655+Cm_pESBL15,MG1655+Cm,pESBL15,LB,1,1,A11,0.088399999,0.574199975,0.153953331,1.08566961
MG1655+Cm_pESBL15,MG1655+Cm,pESBL15,LB,2,1,B9,0.079400003,0.467799991,0.169730664,1.196930411
MG1655+Cm_pESBL15,MG1655+Cm,pESBL15,LB,3,1,G9,0.092100002,0.496399999,0.185535862,1.308387715
MG1655+Cm_pESBL15,MG1655+Cm,pESBL15,LB,2,2,B11,0.086099997,0.497799993,0.172961025,1.219710722
MG1655+Cm_pESBL15,MG1655+Cm,pESBL15,LB,1,2,C12,0.085900001,0.494300008,0.173781104,1.22549387
MG1655+Cm_pESBL15,MG1655+Cm,pESBL15,LB,3,2,D2,0.0858,0.567600012,0.151162787,1.065990862
MG1655+Cm_pESBL15,MG1655+Cm,pESBL15,LB,1,3,A6,0.090499997,0.59890002,0.151110359,1.065621143
MG1655+Cm_pESBL15,MG1655+Cm,pESBL15,LB,2,3,B5,0.076399997,0.515900016,0.148090705,1.044326725
MG1655+Cm_pESBL15,MG1655+Cm,pESBL15,LB,3,3,C1,0.090999998,0.527800024,0.172413782,1.215851597
MG1655+Cm_pESBL25,MG1655+Cm,pESBL25,LB,3,1,B4,0.079499997,0.519999981,0.152884616,1.078133096
MG1655+Cm_pESBL25,MG1655+Cm,pESBL25,LB,2,1,B5,0.094700001,0.52640003,0.179901208,1.268652474
MG1655+Cm_pESBL25,MG1655+Cm,pESBL25,LB,2,1,C8,0.109999999,0.45660001,0.240911075,1.698890379
MG1655+Cm_pESBL25,MG1655+Cm,pESBL25,LB,2,2,A11,0.0836,0.457199991,0.182852146,1.289462311
MG1655+Cm_pESBL25,MG1655+Cm,pESBL25,LB,1,2,F12,0.0933,0.531199992,0.175640063,1.238603137
MG1655+Cm_pESBL25,MG1655+Cm,pESBL25,LB,3,2,G3,0.097599998,0.544700027,0.179181188,1.263574937
MG1655+Cm_pESBL25,MG1655+Cm,pESBL25,LB,1,3,A10,0.105400003,0.48300001,0.218219464,1.538870506
MG1655+Cm_pESBL25,MG1655+Cm,pESBL25,LB,2,3,D4,0.089100003,0.501600027,0.177631576,1.252647166
MG1655+Cm_pESBL25,MG1655+Cm,pESBL25,LB,3,3,E1,0.076800004,0.576200008,0.133287057,0.939932291
MG1655+Cm_pKPC1,MG1655+Cm,pKPC1,LB,2,1,D4,0.0858,0.533999979,0.160674163,1.133064512
MG1655+Cm_pKPC1,MG1655+Cm,pKPC1,LB,1,1,G4,0.087300003,0.540799975,0.161427527,1.138377189
MG1655+Cm_pKPC1,MG1655+Cm,pKPC1,LB,3,1,H2,0.077299997,0.571200013,0.135329124,0.954332825
MG1655+Cm_pKPC1,MG1655+Cm,pKPC1,LB,1,2,B2,0.097599998,0.618900001,0.15769914,1.112084829
MG1655+Cm_pKPC1,MG1655+Cm,pKPC1,LB,2,2,E4,0.104500003,0.556599975,0.18774705,1.323980879
MG1655+Cm_pKPC1,MG1655+Cm,pKPC1,LB,3,2,F2,0.086499996,0.595000029,0.145378138,1.025197866
MG1655+Cm_pKPC1,MG1655+Cm,pKPC1,LB,2,3,A12,0.092500001,0.512899995,0.18034705,1.271796525
MG1655+Cm_pKPC1,MG1655+Cm,pKPC1,LB,1,3,B3,0.111199997,0.562300026,0.197759189,1.39458588
MG1655+Cm_pKPC1,MG1655+Cm,pKPC1,LB,3,3,C5,0.083499998,0.571200013,0.146183466,1.03087699
MG1655+Cm_pOXA48,MG1655+Cm,pOXA48,LB,1,1,E8,0.095299996,0.540300012,0.17638348,1.243845668
MG1655+Cm_pOXA48,MG1655+Cm,pOXA48,LB,2,1,G10,0.090899996,0.512300014,0.177435085,1.251261523
MG1655+Cm_pOXA48,MG1655+Cm,pOXA48,LB,3,1,H5,0.0788,0.556400001,0.141624731,0.998729066
MG1655+Cm_pOXA48,MG1655+Cm,pOXA48,LB,3,2,B4,0.090400003,0.901600003,0.100266196,0.70707117
MG1655+Cm_pOXA48,MG1655+Cm,pOXA48,LB,1,2,C7,0.088,0.575299978,0.152963676,1.078690622
MG1655+Cm_pOXA48,MG1655+Cm,pOXA48,LB,2,2,E11,0.087499999,0.54339999,0.161023188,1.135525815
MG1655+Cm_pOXA48,MG1655+Cm,pOXA48,LB,2,3,F11,0.077600002,0.543200016,0.142857143,1.007419961
MG1655+Cm_pOXA48,MG1655+Cm,pOXA48,LB,1,3,F12,0.086000003,0.512899995,0.167674018,1.182427067
MG1655+Cm_pOXA48,MG1655+Cm,pOXA48,LB,3,3,H2,0.080399998,0.541499972,0.148476457,1.047047024
MG1655+Stm,MG1655+Stm,NA,LB,2,1,B7,0.183799997,0.538399994,0.34138187,1.072077447
MG1655+Stm,MG1655+Stm,NA,LB,3,1,D1,0.130600005,0.562900007,0.232012798,0.72861423
MG1655+Stm,MG1655+Stm,NA,LB,1,1,D11,0.151700005,0.553900003,0.273876158,0.860082149
MG1655+Stm,MG1655+Stm,NA,LB,3,2,B9,0.246999994,0.561999977,0.439501787,1.380213758
MG1655+Stm,MG1655+Stm,NA,LB,2,2,D3,0.209199995,0.575299978,0.363636368,1.141965592
MG1655+Stm,MG1655+Stm,NA,LB,1,2,D11,0.147100002,0.56309998,0.261232475,0.820375859
MG1655+Stm,MG1655+Stm,NA,LB,3,3,D12,0.194000006,0.558700025,0.347234647,1.090457539
MG1655+Stm,MG1655+Stm,NA,LB,1,3,F7,0.182500005,0.568400025,0.321076701,1.008310986
MG1655+Stm,MG1655+Stm,NA,LB,2,3,H6,0.159400001,0.557500005,0.285919282,0.89790244
MG1655+Stm_pESBL1,MG1655+Stm,pESBL1,LB,3,1,C4,0.172999993,0.623000026,0.277688581,0.872054702
MG1655+Stm_pESBL1,MG1655+Stm,pESBL1,LB,1,1,C5,0.182500005,0.586499989,0.311167959,0.97719352
MG1655+Stm_pESBL1,MG1655+Stm,pESBL1,LB,2,1,F10,0.135700002,0.611299992,0.221985938,0.697125825
MG1655+Stm_pESBL1,MG1655+Stm,pESBL1,LB,2,2,A10,0.251399994,0.617999971,0.406796126,1.277504726
MG1655+Stm_pESBL1,MG1655+Stm,pESBL1,LB,3,2,D10,0.142399997,0.626600027,0.227258204,0.713682877
MG1655+Stm_pESBL1,MG1655+Stm,pESBL1,LB,1,2,F11,0.140200004,0.615199983,0.227893381,0.71567759
MG1655+Stm_pESBL1,MG1655+Stm,pESBL1,LB,2,3,A7,0.165199995,0.599600017,0.275516995,0.865235042
MG1655+Stm_pESBL1,MG1655+Stm,pESBL1,LB,3,3,A9,0.156499997,0.624000013,0.250801272,0.787617654
MG1655+Stm_pESBL1,MG1655+Stm,pESBL1,LB,1,3,G4,0.1087,0.664499998,0.16358164,0.513712656
MG1655+Stm_pESBL15,MG1655+Stm,pESBL15,LB,2,1,A1,0.200900003,0.585799992,0.342949823,1.077001455
MG1655+Stm_pESBL15,MG1655+Stm,pESBL15,LB,1,1,A7,0.210199997,0.53490001,0.392970636,1.234087083
MG1655+Stm_pESBL15,MG1655+Stm,pESBL15,LB,3,1,G8,0.227899998,0.564400017,0.403791622,1.268069366
MG1655+Stm_pESBL15,MG1655+Stm,pESBL15,LB,3,2,A4,0.239299998,0.585699975,0.408570954,1.283078405
MG1655+Stm_pESBL15,MG1655+Stm,pESBL15,LB,1,2,A5,0.390700012,0.545799971,0.715830036,2.247996467
MG1655+Stm_pESBL15,MG1655+Stm,pESBL15,LB,2,2,E3,0.183300003,0.565800011,0.323966065,1.01738476
MG1655+Stm_pESBL15,MG1655+Stm,pESBL15,LB,2,3,E8,0.180500001,0.56400001,0.320035456,1.005041055
MG1655+Stm_pESBL15,MG1655+Stm,pESBL15,LB,3,3,F10,0.194900006,0.542400002,0.359328918,1.128438453
MG1655+Stm_pESBL15,MG1655+Stm,pESBL15,LB,1,3,H4,0.154799998,0.549499989,0.281710648,0.884685623
MG1655+Stm_pESBL25,MG1655+Stm,pESBL25,LB,1,1,B10,0.164399996,0.492700011,0.333671591,1.047864046
MG1655+Stm_pESBL25,MG1655+Stm,pESBL25,LB,3,1,C11,0.178900003,0.549899995,0.325331888,1.021673998
MG1655+Stm_pESBL25,MG1655+Stm,pESBL25,LB,2,1,D3,0.144099995,0.51730001,0.278561749,0.874796804
MG1655+Stm_pESBL25,MG1655+Stm,pESBL25,LB,2,2,E12,0.247500002,0.552699983,0.447801719,1.406278909
MG1655+Stm_pESBL25,MG1655+Stm,pESBL25,LB,1,2,G6,0.229399994,0.556800008,0.41199711,1.293837924
MG1655+Stm_pESBL25,MG1655+Stm,pESBL25,LB,3,2,G7,0.178200006,0.559400022,0.318555594,1.000393688
MG1655+Stm_pESBL25,MG1655+Stm,pESBL25,LB,2,3,E3,0.189300001,0.605599999,0.312582564,0.981635953
MG1655+Stm_pESBL25,MG1655+Stm,pESBL25,LB,3,3,F2,0.118500002,0.579100013,0.204627869,0.642614452
MG1655+Stm_pESBL25,MG1655+Stm,pESBL25,LB,1,3,F9,0.188700005,0.522899985,0.36087208,1.133284607
MG1655+Stm_pKPC1,MG1655+Stm,pKPC1,LB,3,1,E3,0.163699999,0.48969999,0.334286304,1.049794494
MG1655+Stm_pKPC1,MG1655+Stm,pKPC1,LB,2,1,E7,0.256000012,0.575100005,0.445139993,1.397920011
MG1655+Stm_pKPC1,MG1655+Stm,pKPC1,LB,1,1,G5,0.247299999,0.549499989,0.450045503,1.4133253
MG1655+Stm_pKPC1,MG1655+Stm,pKPC1,LB,3,2,A1,0.364399999,0.519800007,0.70103885,2.201546147
MG1655+Stm_pKPC1,MG1655+Stm,pKPC1,LB,1,2,A9,0.442400008,0.543299973,0.814283141,2.557179124
MG1655+Stm_pKPC1,MG1655+Stm,pKPC1,LB,2,2,C8,0.241699994,0.566900015,0.426353832,1.33892385
MG1655+Stm_pKPC1,MG1655+Stm,pKPC1,LB,1,3,A5,0.167500004,0.508099973,0.329659541,1.035264583
MG1655+Stm_pKPC1,MG1655+Stm,pKPC1,LB,2,3,E6,0.172900006,0.57980001,0.298206284,0.936488606
MG1655+Stm_pKPC1,MG1655+Stm,pKPC1,LB,3,3,E10,0.229499996,0.560500026,0.409455817,1.285857234
MG1655+Stm_pOXA48,MG1655+Stm,pOXA48,LB,1,1,C9,0.208900005,0.546299994,0.382390641,1.200861611
MG1655+Stm_pOXA48,MG1655+Stm,pOXA48,LB,2,1,C12,0.163100004,0.51789999,0.314925675,0.988994271
MG1655+Stm_pOXA48,MG1655+Stm,pOXA48,LB,3,1,E10,0.157700002,0.556900024,0.283174709,0.889283368
MG1655+Stm_pOXA48,MG1655+Stm,pOXA48,LB,3,2,A2,0.300799996,0.510599971,0.589110875,1.850046937
MG1655+Stm_pOXA48,MG1655+Stm,pOXA48,LB,1,2,B7,0.234099999,0.574299991,0.407626681,1.280113005
MG1655+Stm_pOXA48,MG1655+Stm,pOXA48,LB,2,2,D4,0.232299998,0.575299978,0.40378934,1.268062199
MG1655+Stm_pOXA48,MG1655+Stm,pOXA48,LB,3,3,A2,0.238199994,0.42899999,0.555244754,1.74369359
MG1655+Stm_pOXA48,MG1655+Stm,pOXA48,LB,1,3,C8,0.165800005,0.549799979,0.301564226,0.947033905
MG1655+Stm_pOXA48,MG1655+Stm,pOXA48,LB,2,3,E11,0.197799996,0.560299993,0.353025162,1.108642104
cESBL1,cESBL1,NA,M9,1,1,A10,0.075000003,0.284700006,0.2634352,1.153577473
cESBL1,cESBL1,NA,M9,2,1,B9,0.074500002,0.368299991,0.20228076,0.885783403
cESBL1,cESBL1,NA,M9,2,1,D8,0.068800002,0.424800009,0.161958571,0.709213344
cESBL1,cESBL1,NA,M9,3,2,E8,0.0823,0.416599989,0.197551613,0.865074563
cESBL1,cESBL1,NA,M9,1,2,F9,0.081799999,0.454400003,0.180017602,0.788293479
cESBL1,cESBL1,NA,M9,2,2,G11,0.0792,0.424299985,0.186660387,0.817382102
cESBL1,cESBL1,NA,M9,2,3,B12,0.079599999,0.409000009,0.19462102,0.852241554
cESBL1,cESBL1,NA,M9,2,3,C10,0.094599999,0.198100001,0.477536594,2.091123195
cESBL1,cESBL1,NA,M9,3,3,G5,0.080499999,0.421000004,0.191211398,0.837310888
cESBL1_pESBL1,cESBL1,pESBL1,M9,1,1,A3,0.076399997,0.372599989,0.205045623,0.897890683
cESBL1_pESBL1,cESBL1,pESBL1,M9,1,1,A4,0.071699999,0.250999987,0.285657382,1.250887963
cESBL1_pESBL1,cESBL1,pESBL1,M9,3,1,H6,0.078199998,0.437400013,0.178783711,0.782890295
cESBL1_pESBL1,cESBL1,pESBL1,M9,3,2,E6,0.077399999,0.408199996,0.189612934,0.830311246
cESBL1_pESBL1,cESBL1,pESBL1,M9,2,2,F8,0.076099999,0.370000005,0.205675671,0.90064965
cESBL1_pESBL1,cESBL1,pESBL1,M9,3,2,G9,0.081100002,0.389800012,0.208055412,0.911070488
cESBL1_pESBL1,cESBL1,pESBL1,M9,1,3,D5,0.072800003,0.378500015,0.192338178,0.842245035
cESBL1_pESBL1,cESBL1,pESBL1,M9,2,3,E4,0.080700003,0.381000012,0.211811024,0.927516238
cESBL1_pESBL1,cESBL1,pESBL1,M9,3,3,F4,0.0744,0.391200006,0.190184047,0.832812138
cESBL1_pESBL15,cESBL1,pESBL15,M9,1,1,B2,0.086099997,0.484200001,0.177819077,0.778666182
cESBL1_pESBL15,cESBL1,pESBL15,M9,2,1,C7,0.071500003,0.375099987,0.190615851,0.834703
cESBL1_pESBL15,cESBL1,pESBL15,M9,3,1,G12,0.082000002,0.4463,0.18373292,0.804562782
cESBL1_pESBL15,cESBL1,pESBL15,M9,3,2,C5,0.081900001,0.411000013,0.199270068,0.872599643
cESBL1_pESBL15,cESBL1,pESBL15,M9,2,2,F10,0.079099998,0.451900005,0.175038719,0.76649105
cESBL1_pESBL15,cESBL1,pESBL15,M9,1,2,G4,0.087099999,0.434599996,0.200414174,0.87760966
cESBL1_pESBL15,cESBL1,pESBL15,M9,3,3,A4,0.076700002,0.366899997,0.209048794,0.915420488
cESBL1_pESBL15,cESBL1,pESBL15,M9,1,3,G6,0.078400001,0.399699986,0.19614712,0.858924316
cESBL1_pESBL15,cESBL1,pESBL15,M9,2,3,G12,0.100599997,0.430700004,0.233573243,1.02281256
cESBL1_pESBL25,cESBL1,pESBL25,M9,3,1,F7,0.076099999,0.300799996,0.252992022,1.021811325
cESBL1_pESBL25,cESBL1,pESBL25,M9,2,1,F12,0.074500002,0.350800008,0.212371723,0.857749703
cESBL1_pESBL25,cESBL1,pESBL25,M9,1,1,G3,0.077299997,0.398600012,0.193928738,0.783260196
cESBL1_pESBL25,cESBL1,pESBL25,M9,2,2,A8,0.082500003,0.458999991,0.179738573,0.725947435
cESBL1_pESBL25,cESBL1,pESBL25,M9,1,2,B6,0.080399998,0.434500009,0.185040267,0.747360486
cESBL1_pESBL25,cESBL1,pESBL25,M9,3,2,H5,0.088299997,0.41839999,0.211042063,0.85237933
cESBL1_pESBL25,cESBL1,pESBL25,M9,1,3,A8,0.0836,0.419,0.199522672,0.805853577
cESBL1_pESBL25,cESBL1,pESBL25,M9,2,3,B7,0.0832,0.500699997,0.166167367,0.671134592
cESBL1_pESBL25,cESBL1,pESBL25,M9,3,3,B9,0.078199998,0.441000015,0.177324252,0.716196217
cESBL1_pKPC1,cESBL1,pKPC1,M9,2,1,F4,0.083700001,0.4375,0.191314289,0.772700679
cESBL1_pKPC1,cESBL1,pKPC1,M9,3,1,G1,0.069700003,0.417800009,0.166826235,0.673795699
cESBL1_pKPC1,cESBL1,pKPC1,M9,1,1,H1,0.077799998,0.504499972,0.154212096,0.622848361
cESBL1_pKPC1,cESBL1,pKPC1,M9,1,2,C1,0.082199998,0.403699994,0.203616545,0.822388351
cESBL1_pKPC1,cESBL1,pKPC1,M9,3,2,H2,0.081600003,0.405200005,0.201382039,0.813363388
cESBL1_pKPC1,cESBL1,pKPC1,M9,2,2,H6,0.079899997,0.449900001,0.177595013,0.717289795
cESBL1_pKPC1,cESBL1,pKPC1,M9,2,3,A3,0.079099998,0.388999999,0.203341898,0.821279077
cESBL1_pKPC1,cESBL1,pKPC1,M9,3,3,G10,0.079899997,0.424699992,0.188132795,0.75985092
cESBL1_pKPC1,cESBL1,pKPC1,M9,1,3,H3,0.0823,0.428200006,0.192199903,0.776277592
cESBL1_pOXA48,cESBL1,pOXA48,M9,2,1,A5,0.075199999,0.26030001,0.28889741,1.265075981
cESBL1_pOXA48,cESBL1,pOXA48,M9,1,1,A8,0.082500003,0.321999997,0.256211193,1.12194369
cESBL1_pOXA48,cESBL1,pOXA48,M9,3,1,G6,0.071800001,0.471599996,0.152247671,0.666689507
cESBL1_pOXA48,cESBL1,pOXA48,M9,1,2,A7,0.078599997,0.287600011,0.273296224,1.196758699
cESBL1_pOXA48,cESBL1,pOXA48,M9,3,2,B10,0.081299998,0.395099998,0.205770687,0.901065723
cESBL1_pOXA48,cESBL1,pOXA48,M9,2,2,E7,0.077399999,0.43689999,0.177157246,0.775768037
cESBL1_pOXA48,cESBL1,pOXA48,M9,1,3,B10,0.079599999,0.40200001,0.198009943,0.867081581
cESBL1_pOXA48,cESBL1,pOXA48,M9,3,3,D8,0.082900003,0.4023,0.206065132,0.902355092
cESBL1_pOXA48,cESBL1,pOXA48,M9,2,3,D9,0.076499999,0.427300006,0.17903112,0.783973694
cESBL15,cESBL15,NA,M9,1,1,C2,0.071400002,0.319799989,0.223264553,0.901744834
cESBL15,cESBL15,NA,M9,3,1,D7,0.090499997,0.28490001,0.317655297,1.282980299
cESBL15,cESBL15,NA,M9,2,1,F11,0.072499998,0.373699993,0.194005885,0.783571786
cESBL15,cESBL15,NA,M9,1,2,C4,0.083400004,0.337799996,0.246891665,0.997172549
cESBL15,cESBL15,NA,M9,3,2,D9,0.082099997,0.346799999,0.236735861,0.956154198
cESBL15,cESBL15,NA,M9,2,2,E9,0.086900003,0.350600004,0.247860816,1.00108686
cESBL15,cESBL15,NA,M9,2,3,C2,0.073799998,0.379900008,0.194261637,0.784604745
cESBL15,cESBL15,NA,M9,1,3,C11,0.080200002,0.269899994,0.297147104,1.200149609
cESBL15,cESBL15,NA,M9,3,3,H1,0.081799999,0.302399993,0.270502648,1.092535121
cESBL15_pESBL1,cESBL15,pESBL1,M9,3,1,F1,0.067900002,0.268299997,0.253074927,1.022146171
cESBL15_pESBL1,cESBL15,pESBL1,M9,2,1,F6,0.087300003,0.340299994,0.256538361,1.03613466
cESBL15_pESBL1,cESBL15,pESBL1,M9,1,1,G11,0.061700001,0.335700005,0.183795056,0.742331194
cESBL15_pESBL1,cESBL15,pESBL1,M9,2,2,B12,0.090599999,0.291200012,0.311126357,1.256610516
cESBL15_pESBL1,cESBL15,pESBL1,M9,3,2,C6,0.088600002,0.312700003,0.283338667,1.144378612
cESBL15_pESBL1,cESBL15,pESBL1,M9,1,2,C11,0.076300003,0.352100015,0.2166998,0.875230405
cESBL15_pESBL1,cESBL15,pESBL1,M9,3,3,A1,0.0788,0.328500003,0.239878233,0.968845947
cESBL15_pESBL1,cESBL15,pESBL1,M9,1,3,C12,0.074299999,0.262800008,0.282724491,1.141898012
cESBL15_pESBL1,cESBL15,pESBL1,M9,2,3,F6,0.080700003,0.289999992,0.278275879,1.12393048
cESBL15_pESBL15,cESBL15,pESBL15,M9,2,1,A2,0.076899998,0.223399997,0.3442256,1.39029529
cESBL15_pESBL15,cESBL15,pESBL15,M9,1,1,E6,0.082400002,0.2456,0.335504892,1.355073159
cESBL15_pESBL15,cESBL15,pESBL15,M9,3,1,G7,0.081299998,0.279300004,0.291084843,1.175664698
cESBL15_pESBL15,cESBL15,pESBL15,M9,3,2,A6,0.090400003,0.262100011,0.344906521,1.393045467
cESBL15_pESBL15,cESBL15,pESBL15,M9,1,2,C10,0.078500003,0.335599989,0.233909432,0.944738513
cESBL15_pESBL15,cESBL15,pESBL15,M9,2,2,D7,0.088500001,0.270900011,0.326688804,1.319465797
cESBL15_pESBL15,cESBL15,pESBL15,M9,1,3,B8,0.086199999,0.331900001,0.259716778,1.048971992
cESBL15_pESBL15,cESBL15,pESBL15,M9,3,3,D2,0.076700002,0.308600008,0.248541801,1.003837295
cESBL15_pESBL15,cESBL15,pESBL15,M9,2,3,G2,0.0735,0.339399993,0.216558637,0.874660261
cESBL15_pESBL25,cESBL15,pESBL25,M9,1,1,A6,0.498800009,0.252099991,1.978580038,8.664162418
cESBL15_pESBL25,cESBL15,pESBL25,M9,3,1,B6,0.359200001,0.231800005,1.549611705,6.785718667
cESBL15_pESBL25,cESBL15,pESBL25,M9,2,1,B12,0.470499992,0.284299999,1.654941939,7.246957655
cESBL15_pESBL25,cESBL15,pESBL25,M9,2,2,F6,0.573599994,0.235200003,2.438775457,10.67934895
cESBL15_pESBL25,cESBL15,pESBL25,M9,3,2,F7,0.466199994,0.230299994,2.024316133,8.864439864
cESBL15_pESBL25,cESBL15,pESBL25,M9,1,2,G12,0.653999984,0.231299996,2.827496734,12.38155165
cESBL15_pESBL25,cESBL15,pESBL25,M9,3,3,B1,0.419,0.217600003,1.925551444,8.431951266
cESBL15_pESBL25,cESBL15,pESBL25,M9,1,3,D3,0.363999993,0.229300007,1.587439953,6.951367808
cESBL15_pESBL25,cESBL15,pESBL25,M9,2,3,D11,0.083999999,0.396100014,0.212067649,0.928639994
cESBL15_pKPC1,cESBL15,pKPC1,M9,1,1,B11,0.086400002,0.346399993,0.249422645,1.092216774
cESBL15_pKPC1,cESBL15,pKPC1,M9,2,1,D5,0.094899997,0.315100014,0.301174208,1.318835834
cESBL15_pKPC1,cESBL15,pKPC1,M9,3,1,E11,0.070200004,0.35800001,0.19608939,0.858671517
cESBL15_pKPC1,cESBL15,pKPC1,M9,3,2,B8,0.078400001,0.324299991,0.241751474,1.05862487
cESBL15_pKPC1,cESBL15,pKPC1,M9,2,2,C9,0.092799999,0.346599996,0.267743796,1.172444728
cESBL15_pKPC1,cESBL15,pKPC1,M9,1,2,G10,0.072899997,0.285100013,0.255699733,1.119704017
cESBL15_pKPC1,cESBL15,pKPC1,M9,2,3,D6,0.076300003,0.302899987,0.251898336,1.103057776
cESBL15_pKPC1,cESBL15,pKPC1,M9,3,3,E5,0.073399998,0.348800004,0.210435773,0.921494042
cESBL15_pKPC1,cESBL15,pKPC1,M9,1,3,G9,0.076200001,0.267500013,0.284859803,1.247395381
cESBL15_pOXA48,cESBL15,pOXA48,M9,3,1,C1,0.070100002,0.300500005,0.233277873,0.942187705
cESBL15_pOXA48,cESBL15,pOXA48,M9,1,1,F5,0.095600002,0.33829999,0.282589431,1.141352517
cESBL15_pOXA48,cESBL15,pOXA48,M9,2,1,F9,0.089299999,0.357899994,0.249511039,1.007751958
cESBL15_pOXA48,cESBL15,pOXA48,M9,1,2,C2,0.091799997,0.352200001,0.260647349,1.052730482
cESBL15_pOXA48,cESBL15,pOXA48,M9,2,2,C3,0.077600002,0.368800014,0.210412146,0.849835153
cESBL15_pOXA48,cESBL15,pOXA48,M9,3,2,E1,0.086999997,0.318300009,0.273327035,1.103942558
cESBL15_pOXA48,cESBL15,pOXA48,M9,2,3,E2,0.083899997,0.395099998,0.212351298,0.857667208
cESBL15_pOXA48,cESBL15,pOXA48,M9,3,3,F3,0.074900001,0.293799996,0.254935338,1.029660199
cESBL15_pOXA48,cESBL15,pOXA48,M9,1,3,H5,0.0713,0.291099995,0.244933016,0.989261747
MG1655,MG1655,NA,M9,3,1,D10,0.080700003,0.216999993,0.371889425,0.754867527
MG1655,MG1655,NA,M9,1,1,E2,0.1039,0.201800004,0.514866197,1.045084228
MG1655,MG1655,NA,M9,2,1,E5,0.093599997,0.2324,0.402753862,0.81751669
MG1655,MG1655,NA,M9,2,2,E2,0.142299995,0.275900006,0.515766552,1.046911784
MG1655,MG1655,NA,M9,3,2,E5,0.126000002,0.203199998,0.620078758,1.258646487
MG1655,MG1655,NA,M9,1,2,F4,0.119400002,0.218899995,0.545454567,1.107173025
MG1655,MG1655,NA,M9,1,3,B11,0.102300003,0.189099997,0.540983631,1.098097843
MG1655,MG1655,NA,M9,3,3,C3,0.098099999,0.231800005,0.423209651,0.859038201
MG1655,MG1655,NA,M9,2,3,F5,0.112800002,0.226099998,0.498894309,1.012664216
MG1655_pESBL1,MG1655,pESBL1,M9,3,1,B8,0.104000002,0.219099998,0.474669114,0.9634915
MG1655_pESBL1,MG1655,pESBL1,M9,1,1,D9,0.075800002,0.223399997,0.339301713,0.68872043
MG1655_pESBL1,MG1655,pESBL1,M9,2,1,E12,0.098300003,0.222499996,0.441797771,0.896768685
MG1655_pESBL1,MG1655,pESBL1,M9,2,2,A12,0.112099998,0.208499998,0.537649875,1.091330928
MG1655_pESBL1,MG1655,pESBL1,M9,3,2,D5,0.116800003,0.206,0.566990304,1.150886633
MG1655_pESBL1,MG1655,pESBL1,M9,1,2,D6,0.132599995,0.219099998,0.605203083,1.228451587
MG1655_pESBL1,MG1655,pESBL1,M9,3,3,G7,0.1074,0.237299994,0.452591669,0.918678324
MG1655_pESBL1,MG1655,pESBL1,M9,1,3,H7,0.110100001,0.242799997,0.453459647,0.920440161
MG1655_pESBL15,MG1655,pESBL15,M9,3,1,D2,0.086599998,0.223199993,0.387992835,0.787554504
MG1655_pESBL15,MG1655,pESBL15,M9,2,1,D12,0.082099997,0.277999997,0.295323731,0.599453169
MG1655_pESBL15,MG1655,pESBL15,M9,1,1,G2,0.100599997,0.228699997,0.43987756,0.892871008
MG1655_pESBL15,MG1655,pESBL15,M9,3,2,A3,0.110299997,0.196799994,0.560467483,1.1376465
MG1655_pESBL15,MG1655,pESBL15,M9,1,2,B3,0.115999997,0.231999993,0.5,1.014908567
MG1655_pESBL15,MG1655,pESBL15,M9,2,2,H4,0.132100001,0.31189999,0.423533201,0.859694948
MG1655_pESBL15,MG1655,pESBL15,M9,1,3,A11,0.100000001,0.189300001,0.528262024,1.072275307
MG1655_pESBL15,MG1655,pESBL15,M9,3,3,B6,0.096799999,0.213499993,0.453395797,0.920310557
MG1655_pESBL15,MG1655,pESBL15,M9,3,3,E7,0.111500002,0.2456,0.453990238,0.921517163
MG1655_pESBL25,MG1655,pESBL25,M9,3,1,B1,0.095399998,0.211700007,0.45063767,0.914712063
MG1655_pESBL25,MG1655,pESBL25,M9,1,1,E4,0.133200005,0.253100008,0.526274202,1.068240392
MG1655_pESBL25,MG1655,pESBL25,M9,2,1,F3,0.114399999,0.217500001,0.525977006,1.067637138
MG1655_pESBL25,MG1655,pESBL25,M9,3,2,E10,0.109700002,0.233999997,0.468803432,0.951585238
MG1655_pESBL25,MG1655,pESBL25,M9,1,2,G1,0.115800001,0.221699998,0.522327478,1.060229264
MG1655_pESBL25,MG1655,pESBL25,M9,2,2,H3,0.114299998,0.2289,0.499344681,1.013578389
MG1655_pESBL25,MG1655,pESBL25,M9,3,3,D7,0.109300002,0.221100003,0.494346455,1.003432904
MG1655_pESBL25,MG1655,pESBL25,M9,2,3,D10,0.094400004,0.223199993,0.422939097,0.858489025
MG1655_pESBL25,MG1655,pESBL25,M9,1,3,G11,0.118199997,0.2192,0.539233561,1.094545521
MG1655_pKPC1,MG1655,pKPC1,M9,1,1,B3,0.093800001,0.223000005,0.420627797,0.853797509
MG1655_pKPC1,MG1655,pKPC1,M9,3,1,C3,0.094700001,0.184699997,0.512723349,1.040734638
MG1655_pKPC1,MG1655,pKPC1,M9,2,1,H3,0.089500003,0.206200004,0.434044622,0.88103121
MG1655_pKPC1,MG1655,pKPC1,M9,1,2,D8,0.126499996,0.285100013,0.443703928,0.900637835
MG1655_pKPC1,MG1655,pKPC1,M9,3,2,D12,0.112099998,0.229000002,0.489519636,0.993635344
MG1655_pKPC1,MG1655,pKPC1,M9,2,2,F3,0.103600003,0.225999996,0.4584071,0.930482586
MG1655_pKPC1,MG1655,pKPC1,M9,1,3,B2,0.094899997,0.230900005,0.411000413,0.83425568
MG1655_pKPC1,MG1655,pKPC1,M9,1,3,C4,0.1083,0.230000004,0.470869559,0.955779098
MG1655_pKPC1,MG1655,pKPC1,M9,2,3,C6,0.114,0.210899994,0.540540557,1.097198484
MG1655_pKPC1,MG1655,pKPC1,M9,2,3,C7,0.097499996,0.215200007,0.453066883,0.919642922
MG1655_pOXA48,MG1655,pOXA48,M9,3,1,A9,0.093000002,0.197300002,0.471363412,0.95678153
MG1655_pOXA48,MG1655,pOXA48,M9,1,1,C6,0.100500003,0.209399998,0.47994271,0.974195936
MG1655_pOXA48,MG1655,pOXA48,M9,2,1,H4,0.102300003,0.214200005,0.47759104,0.969422476
MG1655_pOXA48,MG1655,pOXA48,M9,2,2,F1,0.1109,0.227599993,0.487258361,0.989045369
MG1655_pOXA48,MG1655,pOXA48,M9,1,2,H1,0.143600002,0.417100012,0.344281941,0.698829382
MG1655_pOXA48,MG1655,pOXA48,M9,1,2,H7,0.1567,0.257099986,0.609490504,1.237154268
MG1655_pOXA48,MG1655,pOXA48,M9,1,3,B4,0.100199997,0.211600006,0.473534947,0.961189349
MG1655_pOXA48,MG1655,pOXA48,M9,2,3,F1,0.100400001,0.2597,0.386599926,0.784727153
MG1655_pOXA48,MG1655,pOXA48,M9,3,3,G3,0.107199997,0.213100001,0.503050193,1.021099901
MG1655+Cm,MG1655+Cm,NA,M9,1,1,D6,0.079800002,0.192300007,0.414976596,0.982612455
MG1655+Cm,MG1655+Cm,NA,M9,3,1,F2,0.135100007,0.396699995,0.340559639,0.806402448
MG1655+Cm,MG1655+Cm,NA,M9,2,1,F8,0.085000001,0.199900001,0.425212608,1.006850046
MG1655+Cm,MG1655+Cm,NA,M9,1,2,B1,0.119900003,0.252600014,0.474663485,1.123943511
MG1655+Cm,MG1655+Cm,NA,M9,3,2,D1,0.134299994,0.324400008,0.413995038,0.980288249
MG1655+Cm,MG1655+Cm,NA,M9,2,2,G2,0.112800002,0.206,0.547572825,1.29658367
MG1655+Cm,MG1655+Cm,NA,M9,2,3,E9,0.100699998,0.224000007,0.449553551,1.064486342
MG1655+Cm,MG1655+Cm,NA,M9,3,3,F8,0.098800004,0.411199987,0.24027239,0.56893484
MG1655+Cm,MG1655+Cm,NA,M9,1,3,G8,0.100000001,0.202399999,0.494071156,1.169898438
MG1655+Cm_pESBL1,MG1655+Cm,pESBL1,M9,2,1,C10,0.111900002,0.524299979,0.213427439,0.505369368
MG1655+Cm_pESBL1,MG1655+Cm,pESBL1,M9,1,1,E1,0.126000002,0.385899991,0.326509471,0.773133415
MG1655+Cm_pESBL1,MG1655+Cm,pESBL1,M9,3,1,E9,0.111199997,0.471899986,0.235643146,0.557973371
MG1655+Cm_pESBL1,MG1655+Cm,pESBL1,M9,1,2,B5,0.155100003,0.344399989,0.450348455,1.066368574
MG1655+Cm_pESBL1,MG1655+Cm,pESBL1,M9,2,2,F5,0.116099998,0.229100004,0.506765589,1.199957261
MG1655+Cm_pESBL1,MG1655+Cm,pESBL1,M9,3,2,G5,0.157000005,0.336600006,0.466429004,1.104445295
MG1655+Cm_pESBL1,MG1655+Cm,pESBL1,M9,1,3,D1,0.1087,0.404300004,0.268859754,0.636626127
MG1655+Cm_pESBL1,MG1655+Cm,pESBL1,M9,2,3,E12,0.105899997,0.546599984,0.19374314,0.45875942
MG1655+Cm_pESBL1,MG1655+Cm,pESBL1,M9,3,3,G1,0.092200004,0.219400004,0.420237019,0.995068476
MG1655+Cm_pESBL15,MG1655+Cm,pESBL15,M9,1,1,A11,0.0942,0.224299997,0.419973256,0.994443918
MG1655+Cm_pESBL15,MG1655+Cm,pESBL15,M9,3,1,A12,0.087399997,0.2289,0.38182611,0.904116268
MG1655+Cm_pESBL15,MG1655+Cm,pESBL15,M9,3,1,G9,0.0876,0.258700013,0.338616141,0.801800489
MG1655+Cm_pESBL15,MG1655+Cm,pESBL15,M9,2,2,B11,0.089500003,0.235300004,0.380365495,0.900657715
MG1655+Cm_pESBL15,MG1655+Cm,pESBL15,M9,1,2,C12,0.1052,0.211099997,0.498342025,1.18001132
MG1655+Cm_pESBL15,MG1655+Cm,pESBL15,M9,3,2,D2,0.116899997,0.245700002,0.47578346,1.126595471
MG1655+Cm_pESBL15,MG1655+Cm,pESBL15,M9,1,3,A6,0.106600001,0.196799994,0.541666692,1.282598689
MG1655+Cm_pESBL15,MG1655+Cm,pESBL15,M9,2,3,B5,0.099600002,0.204799995,0.486328148,1.151563968
MG1655+Cm_pESBL15,MG1655+Cm,pESBL15,M9,3,3,C1,0.096299998,0.237900004,0.404791916,0.958496412
MG1655+Cm_pESBL25,MG1655+Cm,pESBL25,M9,3,1,B4,0.152500004,0.283199996,0.538488721,1.275073653
MG1655+Cm_pESBL25,MG1655+Cm,pESBL25,M9,2,1,B5,0.090999998,0.210199997,0.432921025,1.025102609
MG1655+Cm_pESBL25,MG1655+Cm,pESBL25,M9,2,1,C8,0.099799998,0.194499999,0.513110532,1.214981289
MG1655+Cm_pESBL25,MG1655+Cm,pESBL25,M9,2,2,A11,0.105700001,0.206300005,0.512360632,1.21320562
MG1655+Cm_pESBL25,MG1655+Cm,pESBL25,M9,1,2,F12,0.099299997,0.215100005,0.461645721,1.093119081
MG1655+Cm_pESBL25,MG1655+Cm,pESBL25,M9,3,2,G3,0.123000003,0.231299996,0.531776936,1.259180989
MG1655+Cm_pESBL25,MG1655+Cm,pESBL25,M9,1,3,A10,0.095600002,0.215900004,0.44279759,1.048489075
MG1655+Cm_pESBL25,MG1655+Cm,pESBL25,M9,2,3,D4,0.109999999,0.242500007,0.453608232,1.074087317
MG1655+Cm_pESBL25,MG1655+Cm,pESBL25,M9,3,3,E1,0.100199997,0.253699988,0.394954679,0.935203071
MG1655+Cm_pKPC1,MG1655+Cm,pKPC1,M9,2,1,D4,0.093400002,0.193399996,0.482936937,1.143534006
MG1655+Cm_pKPC1,MG1655+Cm,pKPC1,M9,1,1,G4,0.098999999,0.226799995,0.436507944,1.033595983
MG1655+Cm_pKPC1,MG1655+Cm,pKPC1,M9,3,1,H2,0.124700002,0.253500015,0.491913196,1.16478866
MG1655+Cm_pKPC1,MG1655+Cm,pKPC1,M9,1,2,B2,0.103699997,0.225099996,0.460684136,1.090842169
MG1655+Cm_pKPC1,MG1655+Cm,pKPC1,M9,2,2,E4,0.139200002,0.195099995,0.713480297,1.689431725
MG1655+Cm_pKPC1,MG1655+Cm,pKPC1,M9,3,2,F2,0.122900002,0.232500002,0.528602154,1.251663504
MG1655+Cm_pKPC1,MG1655+Cm,pKPC1,M9,2,3,A12,0.111699998,0.195600003,0.571063378,1.352206349
MG1655+Cm_pKPC1,MG1655+Cm,pKPC1,M9,1,3,B3,0.1017,0.234999999,0.432765961,1.024735437
MG1655+Cm_pKPC1,MG1655+Cm,pKPC1,M9,3,3,C5,0.111900002,0.190899998,0.586170786,1.387978794
MG1655+Cm_pOXA48,MG1655+Cm,pOXA48,M9,1,1,E8,0.094599999,0.201800004,0.46878096,1.110014431
MG1655+Cm_pOXA48,MG1655+Cm,pOXA48,M9,2,1,G10,0.089299999,0.205799997,0.433916426,1.027459594
MG1655+Cm_pOXA48,MG1655+Cm,pOXA48,M9,3,1,H5,0.110699996,0.239399999,0.462406001,1.094919329
MG1655+Cm_pOXA48,MG1655+Cm,pOXA48,M9,3,2,B4,0.1241,0.208399996,0.595489453,1.410044227
MG1655+Cm_pOXA48,MG1655+Cm,pOXA48,M9,1,2,C7,0.1241,0.207100004,0.599227413,1.418895247
MG1655+Cm_pOXA48,MG1655+Cm,pOXA48,M9,2,2,E11,0.111299999,0.208800003,0.533045965,1.262185891
MG1655+Cm_pOXA48,MG1655+Cm,pOXA48,M9,2,3,F11,0.097800002,0.202999994,0.48177342,1.140778944
MG1655+Cm_pOXA48,MG1655+Cm,pOXA48,M9,1,3,F12,0.108000003,0.194299996,0.555841508,1.316162873
MG1655+Cm_pOXA48,MG1655+Cm,pOXA48,M9,3,3,H2,0.126900002,0.241600007,0.525248339,1.243722092
MG1655+Stm,MG1655+Stm,NA,M9,2,1,B7,0.610899985,0.220400006,2.771778445,1.597586694
MG1655+Stm,MG1655+Stm,NA,M9,3,1,D1,0.373100013,0.281899989,1.323519076,0.762844689
MG1655+Stm,MG1655+Stm,NA,M9,1,1,D11,0.108599998,0.455799997,0.238262393,0.137328735
MG1655+Stm,MG1655+Stm,NA,M9,3,2,B9,0.502699971,0.224800006,2.236209781,1.288897746
MG1655+Stm,MG1655+Stm,NA,M9,2,2,D3,0.667999983,0.265100002,2.519803761,1.452354523
MG1655+Stm,MG1655+Stm,NA,M9,1,2,D11,0.621999979,0.233899996,2.659256052,1.532731482
MG1655+Stm,MG1655+Stm,NA,M9,3,3,D12,0.354299992,0.219400004,1.614858644,0.930765836
MG1655+Stm,MG1655+Stm,NA,M9,1,3,F7,0.249400005,0.241600007,1.032284759,0.594984205
MG1655+Stm,MG1655+Stm,NA,M9,2,3,H6,0.275700003,0.226199999,1.218832907,0.702506089
MG1655+Stm_pESBL1,MG1655+Stm,pESBL1,M9,3,1,C4,0.587700009,0.2368,2.481841255,1.430473844
MG1655+Stm_pESBL1,MG1655+Stm,pESBL1,M9,1,1,C5,0.421499997,0.190099999,2.217254071,1.277972129
MG1655+Stm_pESBL1,MG1655+Stm,pESBL1,M9,2,1,F10,0.692799985,0.250699997,2.763462281,1.592793456
MG1655+Stm_pESBL1,MG1655+Stm,pESBL1,M9,2,2,A10,0.3935,0.240799993,1.634136259,0.941876992
MG1655+Stm_pESBL1,MG1655+Stm,pESBL1,M9,3,2,D10,0.366899997,0.29550001,1.241624312,0.715642509
MG1655+Stm_pESBL1,MG1655+Stm,pESBL1,M9,1,2,F11,0.356900007,0.262899995,1.357550451,0.782459558
MG1655+Stm_pESBL1,MG1655+Stm,pESBL1,M9,2,3,A7,0.352800012,0.180500001,1.954570694,1.126567724
MG1655+Stm_pESBL1,MG1655+Stm,pESBL1,M9,3,3,A9,0.479299992,0.218700007,2.191586547,1.263177983
MG1655+Stm_pESBL1,MG1655+Stm,pESBL1,M9,1,3,G4,0.495400012,0.189099997,2.619777994,1.509977275
MG1655+Stm_pESBL15,MG1655+Stm,pESBL15,M9,2,1,A1,0.258700013,0.265599996,0.974021149,0.561402456
MG1655+Stm_pESBL15,MG1655+Stm,pESBL15,M9,1,1,A7,0.607299984,0.227200001,2.672975262,1.540638906
MG1655+Stm_pESBL15,MG1655+Stm,pESBL15,M9,3,1,G8,0.384900004,0.253800005,1.51654845,0.874102196
MG1655+Stm_pESBL15,MG1655+Stm,pESBL15,M9,3,2,A4,0.488499999,0.203199998,2.404035457,1.385628446
MG1655+Stm_pESBL15,MG1655+Stm,pESBL15,M9,1,2,A5,0.559599996,0.192499995,2.907013036,1.675532673
MG1655+Stm_pESBL15,MG1655+Stm,pESBL15,M9,2,2,E3,0.668299973,0.242599994,2.754740271,1.587766299
MG1655+Stm_pESBL15,MG1655+Stm,pESBL15,M9,2,3,E8,0.283699989,0.289900005,0.978613262,0.56404924
MG1655+Stm_pESBL15,MG1655+Stm,pESBL15,M9,3,3,F10,0.282000005,0.25819999,1.092176671,0.629504469
MG1655+Stm_pESBL15,MG1655+Stm,pESBL15,M9,1,3,H4,0.361999989,0.253899992,1.425758175,0.821772856
MG1655+Stm_pESBL25,MG1655+Stm,pESBL25,M9,1,1,B10,0.458499998,0.229900002,1.994345337,1.149492875
MG1655+Stm_pESBL25,MG1655+Stm,pESBL25,M9,3,1,C11,0.334699988,0.237599999,1.408669992,0.811923637
MG1655+Stm_pESBL25,MG1655+Stm,pESBL25,M9,2,1,D3,0.32249999,0.266200006,1.211495053,0.698276726
MG1655+Stm_pESBL25,MG1655+Stm,pESBL25,M9,2,2,E12,0.466500014,0.225799993,2.065987729,1.190785834
MG1655+Stm_pESBL25,MG1655+Stm,pESBL25,M9,1,2,G6,0.698000014,0.222800002,3.132854619,1.805702351
MG1655+Stm_pESBL25,MG1655+Stm,pESBL25,M9,3,2,G7,0.664499998,0.227400005,2.922163518,1.684265047
MG1655+Stm_pESBL25,MG1655+Stm,pESBL25,M9,2,3,E3,0.300399989,0.269699991,1.113830179,0.641985032
MG1655+Stm_pESBL25,MG1655+Stm,pESBL25,M9,3,3,F2,0.317200005,0.293199986,1.081855457,0.623555568
MG1655+Stm_pESBL25,MG1655+Stm,pESBL25,M9,1,3,F9,0.338699996,0.262899995,1.288322568,0.742558265
MG1655+Stm_pKPC1,MG1655+Stm,pKPC1,M9,3,1,E3,0.352699995,0.229100004,1.539502353,0.887332275
MG1655+Stm_pKPC1,MG1655+Stm,pKPC1,M9,2,1,E7,0.490399987,0.209600002,2.339694575,1.348543903
MG1655+Stm_pKPC1,MG1655+Stm,pKPC1,M9,1,1,G5,0.566999972,0.207000002,2.739130269,1.578769068
MG1655+Stm_pKPC1,MG1655+Stm,pKPC1,M9,3,2,A1,0.550499976,0.227400005,2.420844168,1.395316584
MG1655+Stm_pKPC1,MG1655+Stm,pKPC1,M9,1,2,A9,0.448700011,0.215000004,2.08697676,1.202883408
MG1655+Stm_pKPC1,MG1655+Stm,pKPC1,M9,2,2,C8,0.589399993,0.209099993,2.818747072,1.624658285
MG1655+Stm_pKPC1,MG1655+Stm,pKPC1,M9,1,3,A5,0.540499985,0.222000003,2.434684587,1.40329387
MG1655+Stm_pKPC1,MG1655+Stm,pKPC1,M9,2,3,E6,0.273600012,0.240600005,1.137157135,0.65543013
MG1655+Stm_pKPC1,MG1655+Stm,pKPC1,M9,3,3,E10,0.245800003,0.306600004,0.80169602,0.46207838
MG1655+Stm_pOXA48,MG1655+Stm,pOXA48,M9,1,1,C9,0.322899997,0.288599998,1.118849618,0.644878116
MG1655+Stm_pOXA48,MG1655+Stm,pOXA48,M9,2,1,C12,0.221300006,0.215100005,1.028823805,0.592989394
MG1655+Stm_pOXA48,MG1655+Stm,pOXA48,M9,3,1,E10,0.493699998,0.274399996,1.79919827,1.037014781
MG1655+Stm_pOXA48,MG1655+Stm,pOXA48,M9,3,2,A2,0.435400009,0.225099996,1.934251521,1.114856239
MG1655+Stm_pOXA48,MG1655+Stm,pOXA48,M9,1,2,B7,0.441700011,0.236000001,1.871610207,1.078751286
MG1655+Stm_pOXA48,MG1655+Stm,pOXA48,M9,2,2,D4,0.560100019,0.200399995,2.794910346,1.610919368
MG1655+Stm_pOXA48,MG1655+Stm,pOXA48,M9,3,3,A2,0.397399992,0.225299999,1.763870365,1.016652623
MG1655+Stm_pOXA48,MG1655+Stm,pOXA48,M9,2,3,E11,0.467599988,0.263999999,1.771212085,1.020884214
MG1655+Stm_pOXA48,MG1655+Stm,pOXA48,M9,2,3,H8,0.346500009,0.218799993,1.583638116,0.912771072