strain,host,plasmid,medium,mumax,mumax.rel,auc,auc.rel,maxOD,maxOD.rel
cESBL1,cESBL1,NA,LB,0.570901374,0.98570773,13.14049084,0.993218527,0.678300023,0.994963856
cESBL1,cESBL1,NA,LB,0.533538698,0.921198027,12.99614795,0.982308429,0.667299986,0.978828461
cESBL1,cESBL1,NA,LB,0.633097403,1.093094242,13.55399471,1.024473044,0.699599981,1.026207683
cESBL1_pESBL1,cESBL1,pESBL1,LB,0.561829425,0.970044271,12.64422771,0.955708684,0.666800022,0.978095089
cESBL1_pESBL1,cESBL1,pESBL1,LB,0.53626225,0.925900461,12.86054205,0.972058714,0.665899992,0.976774881
cESBL1_pESBL1,cESBL1,pESBL1,LB,0.56636582,0.977876728,13.2944073,1.004852238,0.708700001,1.03955604
cESBL1_pESBL15,cESBL1,pESBL15,LB,0.562819467,0.97175366,12.74013542,0.962957829,0.670599997,0.983669079
cESBL1_pESBL15,cESBL1,pESBL15,LB,0.600706475,1.037168666,13.03279565,0.98507843,0.684499979,1.004058257
cESBL1_pESBL15,cESBL1,pESBL15,LB,0.569650305,0.983547659,13.1835003,0.996469379,0.714900017,1.048650529
cESBL1_pESBL25,cESBL1,pESBL25,LB,0.510401451,0.881249686,12.72562398,0.961860988,0.659300029,0.96709373
cESBL1_pESBL25,cESBL1,pESBL25,LB,0.558662592,0.964576476,12.99028554,0.981865321,0.66900003,0.981322169
cESBL1_pESBL25,cESBL1,pESBL25,LB,0.535603587,0.924763226,12.21958654,0.923612359,0.648000002,0.950518294
cESBL1_pKPC,cESBL1,pKPC,LB,0.655310186,1.131446422,13.38964055,1.012050403,0.692799985,1.016233114
cESBL1_pKPC,cESBL1,pKPC,LB,0.577798956,0.997616969,13.09961728,0.990129116,0.685599983,1.005671797
cESBL1_pKPC,cESBL1,pKPC,LB,0.582529162,1.005784055,13.71139928,1.036370403,0.718900025,1.054517937
cESBL1_pOXA48,cESBL1,pOXA48,LB,0.675006795,1.165454222,13.48221096,1.0190473,0.674600005,0.989536488
cESBL1_pOXA48,cESBL1,pOXA48,LB,0.510162462,0.880837051,12.74824773,0.963570995,0.6699,0.982642289
cESBL1_pOXA48,cESBL1,pOXA48,LB,0.62582667,1.080540729,13.78393305,1.041852838,0.704200029,1.03295526
cESBL15,cESBL15,NA,LB,0.741781269,1.009021213,14.65768922,1.00167106,0.733200014,1.001593755
cESBL15,cESBL15,NA,LB,0.759817741,1.033555647,14.43530007,0.986473523,0.721599996,0.985747457
cESBL15,cESBL15,NA,LB,0.70384898,0.95742314,14.80671931,1.011855416,0.741299987,1.012658788
cESBL15_pESBL1,cESBL15,pESBL1,LB,0.717703172,0.976268552,14.32463132,0.978910688,0.721099973,0.985064397
cESBL15_pESBL1,cESBL15,pESBL1,LB,0.854695278,1.162614509,14.86714172,1.015984538,0.73360002,1.002140186
cESBL15_pESBL1,cESBL15,pESBL1,LB,0.661597787,0.8999502,14.23804746,0.972993757,0.739499986,1.010199882
cESBL15_pESBL15,cESBL15,pESBL15,LB,0.907767671,1.234807179,14.55748213,0.99482315,0.717400014,0.980010038
cESBL15_pESBL15,cESBL15,pESBL15,LB,0.829893618,1.128877608,14.39116469,0.983457418,0.729399979,0.996402687
cESBL15_pESBL15,cESBL15,pESBL15,LB,0.782289568,1.064123349,14.74255992,1.007470919,0.737800002,1.007877605
cESBL15_pESBL25,cESBL15,pESBL25,LB,0.522918001,0.711308546,12.08839305,0.826091569,0.665199995,0.908701784
cESBL15_pESBL25,cESBL15,pESBL25,LB,0.632684621,0.860620549,12.99628462,0.888134685,0.6954,0.949956743
cESBL15_pESBL25,cESBL15,pESBL25,LB,0.571873812,0.777901562,13.10177961,0.895343957,0.684899986,0.935613115
cESBL15_pKPC,cESBL15,pKPC,LB,0.843245871,1.147040249,14.87685313,1.016648192,0.752699971,1.028231827
cESBL15_pKPC,cESBL15,pKPC,LB,0.657981503,0.895031086,15.25613427,1.042567349,0.80369997,1.097900785
cESBL15_pKPC,cESBL15,pKPC,LB,0.603903369,0.821470339,15.2809701,1.04426457,0.797500014,1.089431285
cESBL15_pOXA48,cESBL15,pOXA48,LB,0.53299401,0.725014617,12.3605919,0.844692981,0.645699978,0.882063629
cESBL15_pOXA48,cESBL15,pOXA48,LB,0.707766581,0.962752126,14.17761309,0.968863818,0.733900011,1.002549991
cESBL15_pOXA48,cESBL15,pOXA48,LB,0.712061542,0.968594424,14.05819394,0.960703001,0.73089999,0.998451789
MG1655,MG1655,NA,LB,0.770759262,1.002295175,13.34114261,0.994378505,0.678499997,0.985809748
MG1655,MG1655,NA,LB,0.751483347,0.97722878,13.38957756,0.997988591,0.695100009,1.009928324
MG1655,MG1655,NA,LB,0.784740247,1.020476045,13.51897111,1.007632904,0.691200018,1.004261928
MG1655_pESBL1,MG1655,pESBL1,LB,0.713155275,0.927386963,12.60499196,0.939509713,0.659099996,0.957622997
MG1655_pESBL1,MG1655,pESBL1,LB,0.633556542,0.823876789,13.30773176,0.991888236,0.69599998,1.011235914
MG1655_pESBL1,MG1655,pESBL1,LB,0.692816885,0.900938925,12.74049743,0.949609577,0.685899973,0.996561359
MG1655_pESBL15,MG1655,pESBL15,LB,0.681928234,0.886779326,13.23538554,0.98649593,0.674399972,0.979852718
MG1655_pESBL15,MG1655,pESBL15,LB,0.744164317,0.967711115,13.51344653,1.007221132,0.683899999,0.993655547
MG1655_pESBL15,MG1655,pESBL15,LB,0.63069266,0.820152596,13.52780826,1.008291579,0.694800019,1.009492461
MG1655_pESBL25,MG1655,pESBL25,LB,0.707930545,0.920592725,12.74166059,0.949696273,0.626900017,0.910838836
MG1655_pESBL25,MG1655,pESBL25,LB,0.747586203,0.972160935,13.1385902,0.979281315,0.685100019,0.995399086
MG1655_pESBL25,MG1655,pESBL25,LB,0.763297023,0.992591281,13.43877521,1.001655524,0.688300014,1.00004844
MG1655_pKPC,MG1655,pKPC,LB,0.678128373,0.881837988,12.96673638,0.966472237,0.67839998,0.985664431
MG1655_pKPC,MG1655,pKPC,LB,0.755398855,0.982320506,13.33785528,0.994133485,0.680400014,0.98857033
MG1655_pKPC,MG1655,pKPC,LB,0.636810913,0.828108772,13.04508207,0.972311711,0.707499981,1.027944556
MG1655_pOXA48,MG1655,pOXA48,LB,0.657330017,0.85479181,12.54517,0.935050899,0.665799975,0.967357566
MG1655_pOXA48,MG1655,pOXA48,LB,0.660288089,0.858638486,13.2395728,0.986808026,0.67869997,0.986100294
MG1655_pOXA48,MG1655,pOXA48,LB,0.56863695,0.739455365,13.82329353,1.030315495,0.716700017,1.04131152
MG1655+Cm,MG1655+Cm,NA,LB,0.699180914,0.948835646,12.63706551,0.995330917,0.647499979,0.982449911
MG1655+Cm,MG1655+Cm,NA,LB,0.798009239,1.082952348,12.05774456,0.949701966,0.628099978,0.953014344
MG1655+Cm,MG1655+Cm,NA,LB,0.713459026,0.968212006,13.39422731,1.054967117,0.701600015,1.064535745
MG1655+Cm_pESBL1,MG1655+Cm,pESBL1,LB,0.72269963,0.98075213,12.48216058,0.983130169,0.669799984,1.016285647
MG1655+Cm_pESBL1,MG1655+Cm,pESBL1,LB,0.701771458,0.952351189,13.69723706,1.078833018,0.713699996,1.082895012
MG1655+Cm_pESBL1,MG1655+Cm,pESBL1,LB,0.659592221,0.89511112,11.92973835,0.939619836,0.632099986,0.959083545
MG1655+Cm_pESBL15,MG1655+Cm,pESBL15,LB,0.556200142,0.754801097,12.50580935,0.984992813,0.674799979,1.023872125
MG1655+Cm_pESBL15,MG1655+Cm,pESBL15,LB,0.684421766,0.928806487,12.81238169,1.009139314,0.662500024,1.005209438
MG1655+Cm_pESBL15,MG1655+Cm,pESBL15,LB,0.706575232,0.958870235,13.42918797,1.057720716,0.697799981,1.058769964
MG1655+Cm_pESBL25,MG1655+Cm,pESBL25,LB,0.727626719,0.987438522,12.84128021,1.011415443,0.670000017,1.016589156
MG1655+Cm_pESBL25,MG1655+Cm,pESBL25,LB,0.777521558,1.055149183,13.15096481,1.035807076,0.664900005,1.008850922
MG1655+Cm_pESBL25,MG1655+Cm,pESBL25,LB,0.675023523,0.916052438,12.83256803,1.010729247,0.680999994,1.033279391
MG1655+Cm_pKPC,MG1655+Cm,pKPC,LB,0.702143537,0.952856125,13.37774087,1.053668598,0.682399988,1.035403598
MG1655+Cm_pKPC,MG1655+Cm,pKPC,LB,0.636889317,0.864301749,13.98067311,1.101157241,0.707499981,1.073487747
MG1655+Cm_pKPC,MG1655+Cm,pKPC,LB,0.619918421,0.841271098,13.98951001,1.10185326,0.725199997,1.100343932
MG1655+Cm_pOXA48,MG1655+Cm,pOXA48,LB,0.656582432,0.891026634,12.92672576,1.018145376,0.683700025,1.03737614
MG1655+Cm_pOXA48,MG1655+Cm,pOXA48,LB,0.704254781,0.955721226,13.39473974,1.055007476,0.703599989,1.0675703
MG1655+Cm_pOXA48,MG1655+Cm,pOXA48,LB,0.696535437,0.945245555,14.36005418,1.131038364,0.7324,1.111268476
MG1655+Stm,MG1655+Stm,NA,LB,0.628880718,1.027968316,12.20554949,0.974035506,0.654999971,0.97843943
MG1655+Stm,MG1655+Stm,NA,LB,0.634631936,1.037369255,12.80938179,1.022222939,0.675800025,1.009510566
MG1655+Stm,MG1655+Stm,NA,LB,0.571798926,0.934662429,12.57779327,1.003741555,0.67750001,1.012050004
MG1655+Stm_pESBL1,MG1655+Stm,pESBL1,LB,0.620603502,1.014438379,12.35447942,0.985920513,0.667699993,0.997410732
MG1655+Stm_pESBL1,MG1655+Stm,pESBL1,LB,0.568708405,0.929610663,12.36917878,0.987093561,0.671700001,1.003385947
MG1655+Stm_pESBL1,MG1655+Stm,pESBL1,LB,0.5990709,0.979241192,12.92663828,1.03158032,0.687600017,1.027137402
MG1655+Stm_pESBL15,MG1655+Stm,pESBL15,LB,0.5067695,0.828365339,11.48389806,0.916445791,0.643999994,0.962007656
MG1655+Stm_pESBL15,MG1655+Stm,pESBL15,LB,0.616382149,1.007538156,12.51962131,0.999099277,0.652700007,0.975003742
MG1655+Stm_pESBL15,MG1655+Stm,pESBL15,LB,0.591423828,0.96674129,12.9625616,1.034447098,0.68690002,1.026091746
MG1655+Stm_pESBL25,MG1655+Stm,pESBL25,LB,0.550109438,0.899208794,11.98701061,0.956595519,0.6505,0.97171737
MG1655+Stm_pESBL25,MG1655+Stm,pESBL25,LB,0.544041036,0.889289385,11.96612398,0.954928709,0.667200029,0.996663885
MG1655+Stm_pESBL25,MG1655+Stm,pESBL25,LB,0.549501574,0.89821518,12.29645744,0.981290203,0.658999979,0.984414645
MG1655+Stm_pKPC,MG1655+Stm,pKPC,LB,0.636960697,1.041175848,12.64023992,1.008724965,0.684400022,1.022357247
MG1655+Stm_pKPC,MG1655+Stm,pKPC,LB,0.618029519,1.010230948,12.40506436,0.989957326,0.674799979,1.008016696
MG1655+Stm_pKPC,MG1655+Stm,pKPC,LB,0.576964472,0.943106028,13.44661235,1.073075643,0.706700027,1.055669011
MG1655+Stm_pOXA48,MG1655+Stm,pOXA48,LB,0.509395078,0.832657109,11.96658639,0.954965611,0.674000025,1.006821724
MG1655+Stm_pOXA48,MG1655+Stm,pOXA48,LB,0.616243063,1.007310807,12.86592892,1.026735551,0.680599988,1.016680754
MG1655+Stm_pOXA48,MG1655+Stm,pOXA48,LB,0.591134526,0.966268397,12.6113167,1.006416815,0.674499989,1.007568571
cESBL1,cESBL1,NA,M9,0.371476664,0.875491583,7.55445325,0.88491846,0.442099988,0.875734547
cESBL1,cESBL1,NA,M9,0.419750237,0.989262141,8.080402248,0.946527416,0.469700009,0.930406097
cESBL1,cESBL1,NA,M9,0.481692237,1.135246277,9.975820248,1.168554123,0.602699995,1.193859356
cESBL1_pESBL1,cESBL1,pESBL1,M9,0.341800542,0.805551268,9.126900488,1.069112808,0.585699975,1.160184836
cESBL1_pESBL1,cESBL1,pESBL1,M9,0.430691583,1.015048568,8.062453241,0.944424894,0.458200008,0.9076263
cESBL1_pESBL1,cESBL1,pESBL1,M9,0.307405423,0.724489279,8.863513481,1.038260009,0.605000019,1.198415363
cESBL1_pESBL15,cESBL1,pESBL15,M9,0.500571234,1.179740062,10.03396704,1.17536536,0.556500018,1.102344049
cESBL1_pESBL15,cESBL1,pESBL15,M9,0.460409706,1.085087871,9.209833316,1.078827448,0.560000002,1.109276999
cESBL1_pESBL15,cESBL1,pESBL15,M9,0.279339806,0.658344581,8.167422909,0.956720899,0.514699996,1.019544402
cESBL1_pESBL25,cESBL1,pESBL25,M9,0.413371558,0.974228948,8.490718943,0.99459136,0.464100003,0.919313316
cESBL1_pESBL25,cESBL1,pESBL25,M9,0.4177486,0.984544708,8.806003384,1.031523354,0.484100014,0.958930373
cESBL1_pESBL25,cESBL1,pESBL25,M9,0.293655257,0.692083059,8.025617272,0.940109978,0.449000001,0.88940245
cESBL1_pKPC,cESBL1,pKPC,M9,0.293743655,0.692291396,7.616974951,0.892242168,0.445300013,0.882073322
cESBL1_pKPC,cESBL1,pKPC,M9,0.423812653,0.998836392,9.595864677,1.12404664,0.589900017,1.168504497
cESBL1_pKPC,cESBL1,pKPC,M9,0.335514491,0.790736382,8.688434386,1.017751481,0.518700004,1.027467825
cESBL1_pOXA48,cESBL1,pOXA48,M9,0.409127487,0.964226576,9.184647732,1.075877242,0.555400014,1.100165105
cESBL1_pOXA48,cESBL1,pOXA48,M9,0.326624943,0.769785604,8.558165584,1.002491969,0.497700006,0.985869941
cESBL1_pOXA48,cESBL1,pOXA48,M9,0.387555049,0.913384922,10.1084514,1.184090357,0.585399985,1.1595906
cESBL15,cESBL15,NA,M9,0.424839938,1.007081214,9.555266243,1.012898717,0.663500011,1.109964867
cESBL15,cESBL15,NA,M9,0.447080136,1.059801505,10.00163226,1.060215406,0.605700016,1.01327163
cESBL15,cESBL15,NA,M9,0.393638052,0.93311728,8.743856791,0.926885876,0.524100006,0.876763503
cESBL15_pESBL1,cESBL15,pESBL1,M9,0.409184848,0.969970892,8.778705074,0.930579942,0.535000026,0.894998075
cESBL15_pESBL1,cESBL15,pESBL1,M9,0.353829534,0.838751361,9.108726326,0.965563594,0.600499988,1.004572537
cESBL15_pESBL1,cESBL15,pESBL1,M9,0.366234739,0.868157845,8.24844387,0.874370007,0.523299992,0.875425164
cESBL15_pESBL15,cESBL15,pESBL15,M9,0.367114339,0.870242935,8.748118887,0.927337677,0.538299978,0.900518544
cESBL15_pESBL15,cESBL15,pESBL15,M9,0.373988559,0.886538242,8.834015176,0.936443047,0.585600019,0.979646476
cESBL15_pESBL15,cESBL15,pESBL15,M9,0.322286721,0.763979262,9.539780018,1.011257112,0.562600017,0.941169921
cESBL15_pESBL25,cESBL15,pESBL25,M9,0.195764957,0.464059973,5.787703143,0.613521062,0.419200003,0.701276968
cESBL15_pESBL25,cESBL15,pESBL25,M9,0.183781554,0.43565337,5.483705467,0.58129602,0.363200009,0.607594941
cESBL15_pESBL25,cESBL15,pESBL25,M9,0.226601021,0.537156728,6.738630922,0.714323436,0.457700014,0.765683386
cESBL15_pKPC,cESBL15,pKPC,M9,0.338954401,0.803489925,8.347101932,0.88482818,0.563799977,0.943177327
cESBL15_pKPC,cESBL15,pKPC,M9,0.385127663,0.912943439,8.370088052,0.887264806,0.529900014,0.886466298
cESBL15_pKPC,cESBL15,pKPC,M9,0.311563059,0.738558868,9.042079449,0.958498742,0.577400029,0.965928765
cESBL15_pOXA48,cESBL15,pOXA48,M9,0.367943232,0.872207822,8.999456501,0.953980529,0.573899984,0.960073563
cESBL15_pOXA48,cESBL15,pOXA48,M9,0.343906808,0.815229583,8.782404958,0.930972146,0.549000025,0.918418583
cESBL15_pOXA48,cESBL15,pOXA48,M9,0.419268139,0.99387329,9.051079565,0.959452793,0.575600028,0.962917555
MG1655,MG1655,NA,M9,0.245560214,0.965656887,6.144622877,1.070258501,0.346700013,1.031027
MG1655,MG1655,NA,M9,0.275146941,1.08200565,5.893097743,1.026448341,0.36469999,1.084555877
MG1655,MG1655,NA,M9,0.242173172,0.952337463,5.186032904,0.903293158,0.297399998,0.884417122
MG1655_pESBL1,MG1655,pESBL1,M9,0.249970181,0.982998927,6.287003285,1.095058045,0.3838,1.141356065
MG1655_pESBL1,MG1655,pESBL1,M9,0.233333181,0.917574512,7.548815918,1.314838123,0.439799994,1.307890544
MG1655_pESBL1,MG1655,pESBL1,M9,0.257504106,1.012625824,6.022266462,1.048946698,0.365999997,1.088421877
MG1655_pESBL15,MG1655,pESBL15,M9,0.243077596,0.95589408,5.54799001,0.966338145,0.32949999,0.979877051
MG1655_pESBL15,MG1655,pESBL15,M9,0.239815222,0.943064911,6.133210884,1.068270782,0.33860001,1.006938966
MG1655_pESBL15,MG1655,pESBL15,M9,0.258566336,1.016803006,6.430671087,1.120081824,0.39379999,1.171094339
MG1655_pESBL25,MG1655,pESBL25,M9,0.221192948,0.869833473,5.699207282,0.992676876,0.324200004,0.964115792
MG1655_pESBL25,MG1655,pESBL25,M9,0.221698432,0.871821273,5.477543471,0.954067903,0.338,1.005154638
MG1655_pESBL25,MG1655,pESBL25,M9,0.247742867,0.974240093,5.551902302,0.96701958,0.33950001,1.009615413
MG1655_pKPC,MG1655,pKPC,M9,0.238138852,0.936472643,5.668971385,0.987410446,0.356299996,1.059575721
MG1655_pKPC,MG1655,pKPC,M9,0.245721385,0.966290688,5.710419313,0.994629766,0.349900007,1.040543239
MG1655_pKPC,MG1655,pKPC,M9,0.222174982,0.873695288,5.987105717,1.042822468,0.341100007,1.014373533
MG1655_pOXA48,MG1655,pOXA48,M9,0.277002308,1.089301814,6.296727794,1.096751841,0.37470001,1.11429424
MG1655_pOXA48,MG1655,pOXA48,M9,0.241101764,0.948124192,5.61254923,0.977582945,0.340600014,1.012886639
MG1655_pOXA48,MG1655,pOXA48,M9,0.210337908,0.827146411,5.670521324,0.987680412,0.356000006,1.058683601
MG1655+Cm,MG1655+Cm,NA,M9,0.252791663,1.064683919,5.65557194,0.943119769,0.381099999,1.022629692
MG1655+Cm,MG1655+Cm,NA,M9,0.219632917,0.925029059,6.604875251,1.101425017,0.388200015,1.041681614
MG1655+Cm,MG1655+Cm,NA,M9,0.239876016,1.010287022,5.729543451,0.955455214,0.348699987,0.935688694
MG1655+Cm_pESBL1,MG1655+Cm,pESBL1,M9,0.298400597,1.256775294,7.149885551,1.192310607,0.403200001,1.081932023
MG1655+Cm_pESBL1,MG1655+Cm,pESBL1,M9,0.222979026,0.939121885,6.633286205,1.106162811,0.395000011,1.059928472
MG1655+Cm_pESBL1,MG1655+Cm,pESBL1,M9,0.241431098,1.016836568,6.598212942,1.100314015,0.397700012,1.067173555
MG1655+Cm_pESBL15,MG1655+Cm,pESBL15,M9,0.257742433,1.0855351,5.972918794,0.996040339,0.323100001,0.866994635
MG1655+Cm_pESBL15,MG1655+Cm,pESBL15,M9,0.21172212,0.891711118,5.249204616,0.875354199,0.283499986,0.760733414
MG1655+Cm_pESBL15,MG1655+Cm,pESBL15,M9,0.226572578,0.954256864,6.324001561,1.05458669,0.37349999,1.002236108
MG1655+Cm_pESBL25,MG1655+Cm,pESBL25,M9,0.216366009,0.911269807,6.288290803,1.048631585,0.370400012,0.993917742
MG1655+Cm_pESBL25,MG1655+Cm,pESBL25,M9,0.220218196,0.927494082,5.602199696,0.934219446,0.335299999,0.89973166
MG1655+Cm_pESBL25,MG1655+Cm,pESBL25,M9,0.253120713,1.066069778,6.09586273,1.016542396,0.367199987,0.985330912
MG1655+Cm_pKPC,MG1655+Cm,pKPC,M9,0.234614415,0.988126711,5.457931941,0.910161442,0.327699989,0.879338073
MG1655+Cm_pKPC,MG1655+Cm,pKPC,M9,0.229343606,0.965927619,5.880635882,0.980651296,0.354600012,0.951520604
MG1655+Cm_pKPC,MG1655+Cm,pKPC,M9,0.209670419,0.883069957,6.255317169,1.043132922,0.421799988,1.131842543
MG1655+Cm_pOXA48,MG1655+Cm,pOXA48,M9,0.297673224,1.253711813,6.279691056,1.047197497,0.416599989,1.117889057
MG1655+Cm_pOXA48,MG1655+Cm,pOXA48,M9,0.227450468,0.95795428,5.571588604,0.929114759,0.33860001,0.908586788
MG1655+Cm_pOXA48,MG1655+Cm,pOXA48,M9,0.224327336,0.94480057,5.658959345,0.943684651,0.345999986,0.928443611
MG1655+Stm,MG1655+Stm,NA,M9,0.198521711,0.87995337,5.529853183,0.878779878,0.38440001,0.955743428
MG1655+Stm,MG1655+Stm,NA,M9,0.199299877,0.883402616,6.208257203,0.986588853,0.415399998,1.032819479
MG1655+Stm,MG1655+Stm,NA,M9,0.278992835,1.236644015,7.139836139,1.134631269,0.406800002,1.011437093
MG1655+Stm_pESBL1,MG1655+Stm,pESBL1,M9,0.207023967,0.917639875,6.624349163,1.052712352,0.442499995,1.100198884
MG1655+Stm_pESBL1,MG1655+Stm,pESBL1,M9,0.210101724,0.931282122,3.858011078,0.613098105,0.337000012,0.837891619
MG1655+Stm_pESBL1,MG1655+Stm,pESBL1,M9,0.244425247,1.083422155,6.650048077,1.05679631,0.437000006,1.086524123
MG1655+Stm_pESBL15,MG1655+Stm,pESBL15,M9,0.214107436,0.949037558,6.890098607,1.094944082,0.461199999,1.146693175
MG1655+Stm_pESBL15,MG1655+Stm,pESBL15,M9,0.253977197,1.125761456,7.815890404,1.242066831,0.477100015,1.186225786
MG1655+Stm_pESBL15,MG1655+Stm,pESBL15,M9,0.177766021,0.787953158,5.679670916,0.902588252,0.395000011,0.982098478
MG1655+Stm_pESBL25,MG1655+Stm,pESBL25,M9,0.229255627,1.016182365,5.633835567,0.8953043,0.401499987,0.998259532
MG1655+Stm_pESBL25,MG1655+Stm,pESBL25,M9,0.215249718,0.954100757,5.873798733,0.933438188,0.407000005,1.011934365
MG1655+Stm_pESBL25,MG1655+Stm,pESBL25,M9,0.188744091,0.836613778,6.00020491,0.9535261,0.418900013,1.041521655
MG1655+Stm_pKPC,MG1655+Stm,pKPC,M9,0.205602543,0.911339367,5.703769631,0.906417913,0.41960001,1.043262075
MG1655+Stm_pKPC,MG1655+Stm,pKPC,M9,0.214726587,0.951781964,5.560201641,0.883602721,0.436199993,1.084535031
MG1655+Stm_pKPC,MG1655+Stm,pKPC,M9,0.163480679,0.724632956,4.544339541,0.722166397,0.319200009,0.793635023
MG1655+Stm_pOXA48,MG1655+Stm,pOXA48,M9,0.203288756,0.901083438,6.136273263,0.975149483,0.416399986,1.035305775
MG1655+Stm_pOXA48,MG1655+Stm,pOXA48,M9,0.167714027,0.743397398,4.876173171,0.774899934,0.31310001,0.778468442
MG1655+Stm_pOXA48,MG1655+Stm,pOXA48,M9,0.205379861,0.910352322,5.593574877,0.888906249,0.403699994,1.003729465