Trial Date,Inoculation source,Microbe Inoculated:,Microbe IDed on MALDI:,NCBI identifier,Score,Genus match?,Species match?,Trial Type,notes
8.15.19,D1,A. nectaris,477 Acinetobacter pollinis on TSA,123300551,2.13,yes,no,Microbe Assay,
8.15.19,D1,A. nectaris,Acinetobacter nectaris BB_362,123300551,2.16,yes,yes,Microbe Assay,
8.15.19,D2,A. nectaris,Acinetobacter nectaris BB_362,123300551,2.02,yes,yes,Microbe Assay,
8.15.19,D2,A. nectaris,Acinetobacter nectaris BB_362,123300551,2.19,yes,yes,Microbe Assay,
8.15.19,D3,A. nectaris,Acinetobacter nectaris BB_362,123300551,1.79,yes,yes,Microbe Assay,
8.15.19,D3,A. nectaris,Acinetobacter nectaris BB_362,123300551,2.05,yes,yes,Microbe Assay,
8.15.19,D4,A. nectaris,Acinetobacter nectaris BB_362,123300551,2.19,yes,yes,Microbe Assay,
8.15.19,D4,A. nectaris,Acinetobacter nectaris BB_362,123300551,2.3,yes,yes,Microbe Assay,
10.25.19,B2,A.apis,Acinetobacter apis on TSA,123300551,2.24,yes,yes,Microbe Assay,
10.25.19,B2,A.apis,Acinetobacter apis on TSA,123300551,1.98,yes,yes,Microbe Assay,
10.25.19,B2,A.apis,Acinetobacter apis on TSA,123300551,2.03,yes,yes,Microbe Assay,
10.25.19,B2,A.apis,Acinetobacter apis on TSA,123300551,2.15,yes,yes,Microbe Assay,
10.25.19,A2,A.apis,Acinetobacter nectaris BB_362,123300551,1.89,yes,no,Microbe Assay,
10.25.19,A2,A.apis,Acinetobacter apis on TSA,123300551,1.96,yes,yes,Microbe Assay,
10.25.19,A2,A.apis,Acinetobacter apis on TSA,123300551,2.52,yes,yes,Microbe Assay,
10.25.19,A2,A.apis,Acinetobacter apis on TSA,123300551,2.2,yes,yes,Microbe Assay,
8.15.19,C2,A.apis,Acinetobacter nectaris BB_362,123300551,1.69,yes,no,Microbe Assay,*low score indicates accurate genus but not necessarily spp
8.15.19,C2,A.apis,Acinetobacter nectaris BB_362,123300551,2.16,yes,no,Microbe Assay,
8.15.19,C3,A.apis,Acinetobacter nectaris BB_362,123300551,2.02,yes,no,Microbe Assay,
8.15.19,C3,A.apis,Acinetobacter nectaris BB_362,123300551,2.01,yes,no,Microbe Assay,
8.15.19,C4,A.apis,Acinetobacter nectaris BB_362,123300551,1.77,yes,no,Microbe Assay,
1.16.20,B1- 1:1,A.pollinis_2 (477),477 Acinetobacter pollinis on TSA,123300551,2.54,yes,yes,Dose dependence,
1.16.20,Microbe tube- in BK 24h,A.pollinis_2 (477),477 Acinetobacter pollinis on TSA,123300551,2.54,yes,yes,Dose dependence,
1.16.20,B1- 1:1,A.pollinis_2 (477),477 Acinetobacter pollinis on TSA,123300551,2.52,yes,yes,Dose dependence,
1.16.20,Microbe tube- in BK 24h,A.pollinis_2 (477),477 Acinetobacter pollinis on TSA,123300551,2.51,yes,yes,Dose dependence,
1.16.20,pollen+microbe solution plated immediately,A.pollinis_2 (477),477 Acinetobacter pollinis on TSA,123300551,2.5,yes,yes,Dose dependence,
1.16.20,A2-1,A.pollinis_2 (477),477 Acinetobacter pollinis on TSA,123300551,2.49,yes,yes,Dose dependence,
1.16.20,A3-1,A.pollinis_2 (477),477 Acinetobacter pollinis on TSA,123300551,2.46,yes,yes,Dose dependence,
1.16.20,B2- 1:1,A.pollinis_2 (477),477 Acinetobacter pollinis on TSA,123300551,2.45,yes,yes,Dose dependence,
1.16.20,C3- 1:2,A.pollinis_2 (477),477 Acinetobacter pollinis on TSA,123300551,2.45,yes,yes,Dose dependence,
1.16.20,C3- 1:2,A.pollinis_2 (477),477 Acinetobacter pollinis on TSA,123300551,2.44,yes,yes,Dose dependence,
1.16.20,A2-1,A.pollinis_2 (477),477 Acinetobacter pollinis on TSA,123300551,2.44,yes,yes,Dose dependence,
1.16.20,A3-1,A.pollinis_2 (477),477 Acinetobacter pollinis on TSA,123300551,2.33,yes,yes,Dose dependence,
1.16.20,A2-1,A.pollinis_2 (477),477 Acinetobacter pollinis on TSA,123300551,2.32,yes,yes,Dose dependence,
1.16.20,A3-1,A.pollinis_2 (477),477 Acinetobacter pollinis on TSA,123300551,2.14,yes,yes,Dose dependence,
1.16.20,B2- 1:1,A.pollinis_2 (477),477 Acinetobacter pollinis on TSA,123300551,2.13,yes,yes,Dose dependence,
1.16.20,E2- 1:19,A.pollinis_2 (477),477 Acinetobacter pollinis on TSA,123300551,1.98,yes,yes,Dose dependence,
1.16.20,A1- 1,A.pollinis_2 (477),477 Acinetobacter pollinis on TSA,123300551,1.92,yes,yes,Dose dependence,
1.16.20,B3- 1:1,A.pollinis_2 (477),477 Acinetobacter pollinis on TSA,123300551,1.87,yes,yes,Dose dependence,
1.16.20,B3- 1:1,A.pollinis_2 (477),Agromyces cerinus ssp cerinus HKI 11525_DSM 8595T HKJ,232089,1.51,no,no,Dose dependence,
1.16.20,C2- 1:2,A.pollinis_2 (477),Rahnella aquatilis CCM 4086 CCM,34038,1.42,no,no,Dose dependence,
1.16.20,E1- 1:19,A.pollinis_2 (477),Cupriavidus necator B480 UFL,48736,1.29,no,no,Dose dependence,
1.16.20,E1- 1:19,A.pollinis_2 (477),Ewingella americana 19_QK 122 MHH,41202,1.25,no,no,Dose dependence,
1.16.20,A3-1,A.pollinis_2 (477),Agromyces cerinus ssp cerinus HKI 11525_DSM 8595T HKJ,232089,1.23,no,no,Dose dependence,
1.16.20,E1- 1:19,A.pollinis_2 (477),Halomonas elongata B558 UFL,2746,1.22,no,no,Dose dependence,
1.16.20,D3- 1:4,A.pollinis_2 (477),Citrobacter freundii 13158_2 CHB,546,1.2,no,no,Dose dependence,
1.16.20,B1- 1:1,A.pollinis_2 (477),Neisseria sicca 70 PGM,490,1.17,no,no,Dose dependence,
1.16.20,F2- 1:99,A.pollinis_2 (477),Agromyces cerinus ssp cerinus HKI 11525_DSM 8595T HKJ,232089,1.12,no,no,Dose dependence,
1.16.20,F2- 1:99,A.pollinis_2 (477),Thauera terpenica 58Eu MPB,76113,1.08,no,no,Dose dependence,
10.25.19,A1,A.pollinis_2 (477),477 Acinetobacter pollinis on TSA,123300551,2.33,yes,yes,Microbe Assay,
10.25.19,A1,A.pollinis_2 (477),477 Acinetobacter pollinis on TSA,123300551,2.35,yes,yes,Microbe Assay,
10.25.19,B1,A.pollinis_2 (477),477 Acinetobacter pollinis on TSA,123300551,2.51,yes,yes,Microbe Assay,
10.25.19,B1,A.pollinis_2 (477),477 Acinetobacter pollinis on TSA,123300551,2.5,yes,yes,Microbe Assay,
10.25.19,B1,A.pollinis_2 (477),477 Acinetobacter pollinis on TSA,123300551,2.32,yes,yes,Microbe Assay,
10.25.19,B1,A.pollinis_2 (477),477 Acinetobacter pollinis on TSA,123300551,2.35,yes,yes,Microbe Assay,
10.25.19,A1,A.pollinis_2 (477),477 Acinetobacter pollinis on TSA,123300551,2.64,yes,yes,Microbe Assay,
10.25.19,A1,A.pollinis_2 (477),477 Acinetobacter pollinis on TSA,123300551,2.63,yes,yes,Microbe Assay,
8.15.19,B1,A.pollinis_2 (477),477 Acinetobacter pollinis on TSA,123300551,1.86,yes,yes,Microbe Assay,
8.15.19,B1,A.pollinis_2 (477),477 Acinetobacter pollinis on TSA,123300551,2.06,yes,yes,Microbe Assay,
8.15.19,B2,A.pollinis_2 (477),477 Acinetobacter pollinis on TSA,123300551,1.87,yes,yes,Microbe Assay,
8.15.19,B2,A.pollinis_2 (477),477 Acinetobacter pollinis on TSA,123300551,1.89,yes,yes,Microbe Assay,
8.15.19,B3,A.pollinis_2 (477),Acinetobacter nectaris BB_362,123300551,1.99,yes,no,Microbe Assay,*low score indicates accutae genus but not necessarily spp
8.15.19,B3,A.pollinis_2 (477),477 Acinetobacter pollinis on TSA,123300551,1.98,yes,yes,Microbe Assay,
10.25.19,A5,Control,477 Acinetobacter pollinis on TSA,123300551,2.5,no,no,Microbe Assay,*only one colony on plate
10.25.19,A5,Control,477 Acinetobacter pollinis on TSA,123300551,2.55,no,no,Microbe Assay,*only one colony on plate
10.25.19,A5,Control,477 Acinetobacter pollinis on TSA,123300551,2.32,no,no,Microbe Assay,*only one colony on plate
10.25.19,A5,Control,477 Acinetobacter pollinis on TSA,123300551,2.12,no,no,Microbe Assay,*only one colony on plate
8.15.19,E2,Control,EC124_RosenbergiellaSp        ,123300551,1.74,no,no,Microbe Assay,
8.15.19,E2,Control,EC124_RosenbergiellaSp,123300551,1.73,no,no,Microbe Assay,
8.15.19,E2,Control,EC124_RosenbergiellaSp,123300551,1.51,no,no,Microbe Assay,
8.15.19,E2,Control,EC124_RosenbergiellaSp        ,123300551,1.5,no,no,Microbe Assay,
8.15.19,F1,Control,EC124_RosenbergiellaSp,123300551,1.57,no,no,Microbe Assay,
8.15.19,F1,Control,EC124_RosenbergiellaSp,123300551,1.77,no,no,Microbe Assay,
8.15.19,F2,Control,EC124_RosenbergiellaSp,123300551,1.74,no,no,Microbe Assay,
8.15.19,F2,Control,Providencia rettgeri 20837_2 CHB,587,1.43,no,no,Microbe Assay,
10.25.19,A3,M. reukaufii,477 Acinetobacter pollinis on TSA,123300551,2.61,no,no,Microbe Assay,
10.25.19,A3,M. reukaufii,477 Acinetobacter pollinis on TSA,123300551,2.55,no,no,Microbe Assay,
10.25.19,A3,M. reukaufii,477 Acinetobacter pollinis on TSA,123300551,2.22,no,no,Microbe Assay,
10.25.19,A3,M. reukaufii,477 Acinetobacter pollinis on TSA,123300551,2.29,no,no,Microbe Assay,
8.15.19,A4,M. reukaufii,EC124_RosenbergiellaSp        ,123300551,1.88,no,no,Microbe Assay,
8.15.19,A4,M. reukaufii,EC124_RosenbergiellaSp,123300551,1.94,no,no,Microbe Assay,
10.25.19,B4,P. carotovorum,Pantoea ananatis LMG 2676 PAH,553,1.28,no,no,Microbe Assay,
10.25.19,B4,P. carotovorum,Pectobacterium carotovorum ssp carotovorum NB PM2 PAH,555,1.53,yes,yes,Microbe Assay,
10.25.19,B4,P. carotovorum,Pectobacterium carotovorum ssp carotovorum NB PM2 PAH,555,1.51,yes,yes,Microbe Assay,
10.25.19,B4,P. carotovorum,Pectobacterium carotovorum ssp carotovorum NB PM2 PAH,555,1.58,yes,yes,Microbe Assay,
10.25.19,A4,P. carotovorum,Pectobacterium carotovorum ssp carotovorum NB PM2 PAH,555,1.44,yes,yes,Microbe Assay,
10.25.19,A4,P. carotovorum,Pectobacterium carotovorum ssp carotovorum NB PM2 PAH,555,1.77,yes,yes,Microbe Assay,
10.25.19,A4,P. carotovorum,Pectobacterium betavasculorum DSM 18076T HAM,55207,1.36,yes,yes,Microbe Assay,
1.16.20,pollen plated immediately,pollen plated immediately,Filifactor villosum 1051_NCTC 11220T BOG,29374,1.63,no,no,Dose dependence,
