Minutes,Time_l,Dilution,Well,tube number,length
720,12h,sterile BK,G1,1,5.5
720,12h,sterile BK,G1,2,8.22
1440,24h,sterile BK,G3,1,13.913
1440,24h,sterile BK,G3,2,115.485
1440,24h,sterile BK,G3,3,95.746
1440,24h,sterile BK,G3,4,158.906
1440,24h,sterile BK,G3,5,126.555
1440,24h,sterile BK,G3,6,20.619
1440,24h,sterile BK,G3,7,60.132
1440,24h,sterile BK,G3,8,122.395
1440,24h,sterile BK,G3,9,178.062
1440,24h,sterile BK,G3,10,74.224
1440,24h,sterile BK,G3,11,53.043
1440,24h,sterile BK,G3,12,99.027
1440,24h,sterile BK,G3,13,28.163
1440,24h,sterile BK,G3,14,20.403
1440,24h,sterile BK,G3,15,67.147
1440,24h,sterile BK,G3,16,81.064
1440,24h,sterile BK,G3,17,99.884
1440,24h,sterile BK,G3,18,63.522
1440,24h,sterile BK,G3,19,83.985
90,90m,(1;2),B1,1,102.676
90,90m,(1;2),B1,2,151.64
90,90m,(1;2),B1,3,57.021
90,90m,(1;2),B1,4,93.831
90,90m,(1;2),B1,5,49.899
90,90m,(1;2),B1,6,88.011
90,90m,(1;2),B1,7,140.776
90,90m,(1;2),B1,8,114.893
90,90m,(1;2),B1,9,21.863
90,90m,(1;2),B1,10,18.087
90,90m,(1;2),B1,11,114.552
90,90m,(1;2),B1,12,24.107
90,90m,(1;2),B1,13,14.932
90,90m,(1;2),B2,1,8.877
90,90m,(1;2),B2,2,92.956
90,90m,(1;2),B2,3,45.738
90,90m,(1;2),B2,4,80.741
90,90m,(1;2),B2,5,12.973
90,90m,(1;2),B2,6,59.787
90,90m,(1;2),B2,7,68.217
90,90m,(1;2),B2,8,89.151
90,90m,(1;2),B2,9,140.283
90,90m,(1;2),B2,10,131.227
90,90m,(1;2),B2,11,46.364
90,90m,(1;2),B2,12,68.068
90,90m,(1;2),B2,13,62.968
90,90m,(1;2),B3,1,41.269
90,90m,(1;2),B3,2,135.644
90,90m,(1;2),B3,3,369.882
90,90m,(1;2),B3,4,89.08
90,90m,(1;2),B3,5,134.46
90,90m,(1;2),B3,6,139.893
90,90m,(1;2),B3,7,44.383
90,90m,(1;2),B3,8,80.095
90,90m,(1;2),B3,9,110.279
90,90m,(1;2),B3,10,45.874
90,90m,(1;2),B3,11,72.522
90,90m,(1;2),B3,12,110.998
90,90m,(1;2),B3,13,114.089
90,90m,(1;2),B3,14,103.465
90,90m,(1;2),B3,15,16.626
90,90m,(1;2),B3,16,95.4
90,90m,(1;2),B3,17,124.807
90,90m,(1;2),B3,18,22.366
90,90m,(1;2),B3,19,104.272
90,90m,(1;2),B3,20,85.277
90,90m,(1;2),B3,21,72.298
90,90m,(1;2),B3,22,95.294
90,90m,(1;2),B3,23,60.135
90,90m,(1;2),B3,24,28.071
90,90m,(1;2),B3,25,9.914
90,90m,(1;2),B3,26,21.031
90,90m,(1;2),B3,27,91.641
90,90m,(1;2),B3,28,37.647
180,3h,(1;2),B1,1,259.968
180,3h,(1;2),B1,2,121.662
180,3h,(1;2),B1,3,86.091
180,3h,(1;2),B1,4,135.66
180,3h,(1;2),B1,5,148.074
180,3h,(1;2),B1,6,303.872
180,3h,(1;2),B1,7,88.308
180,3h,(1;2),B1,8,102.229
180,3h,(1;2),B1,9,91.899
180,3h,(1;2),B1,10,44.687
180,3h,(1;2),B1,11,26.364
180,3h,(1;2),B2,1,198.726
180,3h,(1;2),B2,2,82.681
180,3h,(1;2),B2,3,105.449
180,3h,(1;2),B2,4,217.942
180,3h,(1;2),B2,5,36.945
180,3h,(1;2),B2,6,103.36
180,3h,(1;2),B2,7,83.644
180,3h,(1;2),B2,8,128.413
180,3h,(1;2),B2,9,89.216
180,3h,(1;2),B2,10,50.386
180,3h,(1;2),B2,11,79.285
180,3h,(1;2),B2,12,107.613
180,3h,(1;2),B2,13,46.576
180,3h,(1;2),B2,14,61.094
360,6h,(1;2),B1,1,146.984
360,6h,(1;2),B1,2,12.803
360,6h,(1;2),B1,3,136.471
360,6h,(1;2),B1,4,325.285
360,6h,(1;2),B1,5,36.284
360,6h,(1;2),B1,6,145.178
360,6h,(1;2),B1,7,64.158
360,6h,(1;2),B1,8,108.46
360,6h,(1;2),B1,9,177.008
360,6h,(1;2),B1,10,69.822
360,6h,(1;2),B1,11,99.529
360,6h,(1;2),B1,12,137.932
360,6h,(1;2),B1,13,45.407
360,6h,(1;2),B2,1,124.856
360,6h,(1;2),B2,2,120.738
360,6h,(1;2),B2,3,123.945
360,6h,(1;2),B2,4,160.921
360,6h,(1;2),B2,5,224.534
360,6h,(1;2),B2,6,58.056
360,6h,(1;2),B2,7,170.694
360,6h,(1;2),B2,8,93.093
360,6h,(1;2),B2,9,88.429
360,6h,(1;2),B2,10,113.655
360,6h,(1;2),B2,11,59.048
360,6h,(1;2),B3,1,97.381
360,6h,(1;2),B3,2,149.149
360,6h,(1;2),B3,3,265.462
360,6h,(1;2),B3,4,105.911
360,6h,(1;2),B3,5,24.465
360,6h,(1;2),B3,6,130.622
360,6h,(1;2),B3,7,59.009
360,6h,(1;2),B3,8,109.47
360,6h,(1;2),B3,9,121.028
360,6h,(1;2),B3,10,76.793
360,6h,(1;2),B3,11,102.404
360,6h,(1;2),B3,12,86.122
360,6h,(1;2),B3,13,87.203
360,6h,(1;2),B3,14,118.116
360,6h,(1;2),B3,15,51.214
360,6h,(1;2),B3,16,74.842
360,6h,(1;2),B3,17,57.291
360,6h,(1;2),B3,18,84.913
360,6h,(1;2),B3,19,97.378
360,6h,(1;2),B3,20,21.456
360,6h,(1;2),B3,21,22.06
360,6h,(1;2),B3,22,97.785
360,6h,(1;2),B3,23,139.578
360,6h,(1;2),B3,24,51.795
360,6h,(1;2),B3,25,49.562
360,6h,(1;2),B3,26,37.217
360,6h,(1;2),B3,27,78.951
360,6h,(1;2),B3,28,262.928
360,6h,(1;2),B3,29,99.48
720,12h,(1;2),B1,1,126.875
720,12h,(1;2),B1,2,181.005
720,12h,(1;2),B1,3,157.231
720,12h,(1;2),B1,4,50.116
720,12h,(1;2),B1,5,46.903
720,12h,(1;2),B1,6,77.377
720,12h,(1;2),B1,7,80.098
720,12h,(1;2),B1,8,298.429
720,12h,(1;2),B1,9,112.449
720,12h,(1;2),B1,10,260.566
720,12h,(1;2),B1,11,133.349
720,12h,(1;2),B1,12,96.101
720,12h,(1;2),B1,13,47.756
720,12h,(1;2),B2,1,57.759
720,12h,(1;2),B2,2,120.116
720,12h,(1;2),B2,3,49.441
720,12h,(1;2),B2,4,81.387
720,12h,(1;2),B2,5,165.889
720,12h,(1;2),B2,6,81.922
720,12h,(1;2),B2,7,53.953
720,12h,(1;2),B2,8,156.336
720,12h,(1;2),B2,9,119.496
720,12h,(1;2),B2,10,75.788
720,12h,(1;2),B2,11,83.128
720,12h,(1;2),B2,12,233.579
720,12h,(1;2),B2,13,44.696
720,12h,(1;2),B2,14,85.098
720,12h,(1;2),B2,15,55.441
720,12h,(1;2),B2,16,45.307
720,12h,(1;2),B3,1,105.778
720,12h,(1;2),B3,2,175.562
720,12h,(1;2),B3,3,104.614
720,12h,(1;2),B3,4,119.119
720,12h,(1;2),B3,5,85.382
720,12h,(1;2),B3,6,74.674
720,12h,(1;2),B3,7,83.18
720,12h,(1;2),B3,8,65.602
720,12h,(1;2),B3,9,102.924
720,12h,(1;2),B3,10,51.274
720,12h,(1;2),B3,11,89.207
720,12h,(1;2),B3,12,114.947
720,12h,(1;2),B3,13,80.384
720,12h,(1;2),B3,14,131.451
720,12h,(1;2),B3,15,136.523
720,12h,(1;2),B3,16,113.472
720,12h,(1;2),B3,17,75.949
720,12h,(1;2),B3,18,157.209
720,12h,(1;2),B3,19,240.794
720,12h,(1;2),B3,20,116.443
720,12h,(1;2),B3,21,36.236
720,12h,(1;2),B3,22,65.347
720,12h,(1;2),B3,23,97.931
720,12h,(1;2),B3,24,99.793
720,12h,(1;2),B3,25,150.35
720,12h,(1;2),B3,26,32.713
720,12h,(1;2),B3,27,46.137
720,12h,(1;2),B3,28,80.192
1440,24h,(1;2),B1,1,149.541
1440,24h,(1;2),B1,2,68.22
1440,24h,(1;2),B1,3,71.451
1440,24h,(1;2),B1,4,47.105
1440,24h,(1;2),B1,5,197.653
1440,24h,(1;2),B1,6,117.565
1440,24h,(1;2),B1,7,160.458
1440,24h,(1;2),B1,8,147.417
1440,24h,(1;2),B1,9,100.854
1440,24h,(1;2),B1,10,56.838
1440,24h,(1;2),B1,11,132.567
1440,24h,(1;2),B1,12,105.072
1440,24h,(1;2),B2,1,88.86
1440,24h,(1;2),B2,2,35.797
1440,24h,(1;2),B2,3,54.618
1440,24h,(1;2),B2,4,94.006
1440,24h,(1;2),B2,5,177.653
1440,24h,(1;2),B2,6,90.533
1440,24h,(1;2),B2,7,37.643
1440,24h,(1;2),B2,8,135.97
1440,24h,(1;2),B2,9,278.243
1440,24h,(1;2),B2,10,117.065
1440,24h,(1;2),B2,11,63.274
1440,24h,(1;2),B2,12,68.314
1440,24h,(1;2),B2,13,204.427
1440,24h,(1;2),B2,14,90.186
1440,24h,(1;2),B2,15,127.579
1440,24h,(1;2),B2,16,87.431
1440,24h,(1;2),B3,1,203.981
1440,24h,(1;2),B3,2,124.645
1440,24h,(1;2),B3,3,86.323
1440,24h,(1;2),B3,4,187.402
1440,24h,(1;2),B3,5,43.525
1440,24h,(1;2),B3,6,98.859
1440,24h,(1;2),B3,7,362.953
1440,24h,(1;2),B3,8,133.694
1440,24h,(1;2),B3,9,27.232
1440,24h,(1;2),B3,10,181.403
1440,24h,(1;2),B3,11,220.651
1440,24h,(1;2),B3,12,172.37
1440,24h,(1;2),B3,13,121.253
1440,24h,(1;2),B3,14,147.25
1440,24h,(1;2),B3,15,120.926
1440,24h,(1;2),B3,16,68.201
90,90m,(1;3),C1,1,14.193
90,90m,(1;3),C1,2,16.31
90,90m,(1;3),C1,3,25.788
90,90m,(1;3),C1,4,34.669
90,90m,(1;3),C1,5,137.421
90,90m,(1;3),C1,6,32.27
90,90m,(1;3),C1,7,58.62
90,90m,(1;3),C1,8,77.369
90,90m,(1;3),C1,9,43.978
90,90m,(1;3),C1,10,38.455
90,90m,(1;3),C1,11,57.284
90,90m,(1;3),C1,12,40.48
90,90m,(1;3),C2,1,78.22
90,90m,(1;3),C2,2,29.885
90,90m,(1;3),C2,3,68.469
90,90m,(1;3),C2,4,74.845
90,90m,(1;3),C2,5,123.241
90,90m,(1;3),C2,6,80.844
90,90m,(1;3),C2,7,103.244
90,90m,(1;3),C2,8,98.341
90,90m,(1;3),C2,9,119.019
90,90m,(1;3),C2,10,19.813
90,90m,(1;3),C3,1,128.677
90,90m,(1;3),C3,2,64.224
90,90m,(1;3),C3,3,102.121
90,90m,(1;3),C3,4,14.547
90,90m,(1;3),C3,5,215.349
180,3h,(1;3),C1,1,43.798
180,3h,(1;3),C1,2,28.573
180,3h,(1;3),C1,3,151.565
180,3h,(1;3),C1,4,22.389
180,3h,(1;3),C1,5,30.464
180,3h,(1;3),C1,6,60.714
180,3h,(1;3),C1,7,201.447
180,3h,(1;3),C1,8,98.238
180,3h,(1;3),C1,9,252.567
180,3h,(1;3),C1,10,33.668
180,3h,(1;3),C1,11,180.218
180,3h,(1;3),C1,12,6.052
180,3h,(1;3),C1,13,208.701
180,3h,(1;3),C1,14,107.114
180,3h,(1;3),C1,15,81.702
180,3h,(1;3),C1,16,94.378
180,3h,(1;3),C2,1,181.512
180,3h,(1;3),C2,2,170.24
180,3h,(1;3),C2,3,102.588
180,3h,(1;3),C2,4,186.972
180,3h,(1;3),C3,1,96.46
180,3h,(1;3),C3,2,143.461
180,3h,(1;3),C3,3,95.906
180,3h,(1;3),C3,4,120.2
180,3h,(1;3),C3,5,135.584
180,3h,(1;3),C3,6,143.887
180,3h,(1;3),C3,7,155.408
180,3h,(1;3),C3,8,141.218
360,6h,(1;3),C1,1,58.779
360,6h,(1;3),C1,2,206.797
360,6h,(1;3),C1,3,33.928
360,6h,(1;3),C1,4,62.522
360,6h,(1;3),C1,5,33.603
360,6h,(1;3),C1,6,66.668
360,6h,(1;3),C1,7,68.794
360,6h,(1;3),C1,8,48.384
360,6h,(1;3),C1,9,197.229
360,6h,(1;3),C1,10,218.96
360,6h,(1;3),C1,11,193.77
360,6h,(1;3),C1,12,81.185
360,6h,(1;3),C1,13,159.893
360,6h,(1;3),C1,14,14.211
360,6h,(1;3),C1,15,146.464
360,6h,(1;3),C1,16,125.085
360,6h,(1;3),C1,17,113.125
360,6h,(1;3),C1,18,101.959
360,6h,(1;3),C1,19,197
360,6h,(1;3),C1,20,117.901
360,6h,(1;3),C2,1,178.971
360,6h,(1;3),C2,2,174.432
360,6h,(1;3),C2,3,95.457
360,6h,(1;3),C2,4,227.349
360,6h,(1;3),C2,5,26.432
360,6h,(1;3),C2,6,176.352
360,6h,(1;3),C2,7,31.753
360,6h,(1;3),C2,8,115.579
360,6h,(1;3),C2,9,50.312
360,6h,(1;3),C2,10,90.895
360,6h,(1;3),C2,11,151.194
360,6h,(1;3),C2,12,174.152
360,6h,(1;3),C2,13,110.182
360,6h,(1;3),C2,14,163.905
360,6h,(1;3),C2,15,23.406
360,6h,(1;3),C2,16,83.521
360,6h,(1;3),C3,1,95.622
360,6h,(1;3),C3,2,153.719
360,6h,(1;3),C3,3,96.56
360,6h,(1;3),C3,4,214.32
360,6h,(1;3),C3,5,206.822
360,6h,(1;3),C3,6,367.031
360,6h,(1;3),C3,7,189.379
360,6h,(1;3),C3,8,37.341
360,6h,(1;3),C3,9,97.277
360,6h,(1;3),C3,10,182.405
360,6h,(1;3),C3,11,140.991
360,6h,(1;3),C3,12,182.103
360,6h,(1;3),C3,13,119.895
360,6h,(1;3),C3,14,372.17
360,6h,(1;3),C3,15,21.145
360,6h,(1;3),C3,16,307.584
720,12h,(1;3),C1,1,177.088
720,12h,(1;3),C1,2,36.535
720,12h,(1;3),C1,3,58.346
720,12h,(1;3),C1,4,44.098
720,12h,(1;3),C1,5,49.464
720,12h,(1;3),C1,6,163.109
720,12h,(1;3),C1,7,136.813
720,12h,(1;3),C1,8,255.688
720,12h,(1;3),C1,9,127.918
720,12h,(1;3),C1,10,50.152
720,12h,(1;3),C1,11,216.739
720,12h,(1;3),C1,12,200.249
720,12h,(1;3),C1,13,84.256
720,12h,(1;3),C1,14,127.248
720,12h,(1;3),C1,15,161.294
720,12h,(1;3),C1,16,118.682
720,12h,(1;3),C1,17,48.652
720,12h,(1;3),C1,18,235.668
720,12h,(1;3),C1,19,96.166
720,12h,(1;3),C2,1,210.097
720,12h,(1;3),C2,2,264.655
720,12h,(1;3),C2,3,155.398
720,12h,(1;3),C2,4,165.934
720,12h,(1;3),C2,5,98.352
720,12h,(1;3),C2,6,204.721
720,12h,(1;3),C3,1,214.681
720,12h,(1;3),C3,2,344.765
720,12h,(1;3),C3,3,76.605
720,12h,(1;3),C3,4,315.755
720,12h,(1;3),C3,5,41.062
720,12h,(1;3),C3,6,346.764
720,12h,(1;3),C3,7,185.013
720,12h,(1;3),C3,8,131.886
1440,24h,(1;3),C1,1,269.811
1440,24h,(1;3),C1,2,87.734
1440,24h,(1;3),C1,3,166.239
1440,24h,(1;3),C1,4,133.988
1440,24h,(1;3),C1,5,121.789
1440,24h,(1;3),C1,6,45.715
1440,24h,(1;3),C1,7,107.194
1440,24h,(1;3),C1,8,155.192
1440,24h,(1;3),C1,9,63.326
1440,24h,(1;3),C1,10,68.711
1440,24h,(1;3),C1,11,214.347
1440,24h,(1;3),C1,12,104.032
1440,24h,(1;3),C1,13,116.188
1440,24h,(1;3),C1,14,269.917
1440,24h,(1;3),C2,1,54.676
1440,24h,(1;3),C2,2,221.242
1440,24h,(1;3),C2,3,106.357
1440,24h,(1;3),C2,4,75.788
1440,24h,(1;3),C2,5,125.306
1440,24h,(1;3),C2,6,105.27
1440,24h,(1;3),C2,7,54.392
1440,24h,(1;3),C2,8,70.022
1440,24h,(1;3),C2,9,115.696
1440,24h,(1;3),C2,10,160.71
1440,24h,(1;3),C2,11,175.49
1440,24h,(1;3),C2,12,88.688
1440,24h,(1;3),C2,13,238.842
1440,24h,(1;3),C2,14,31.483
1440,24h,(1;3),C3,1,106.123
1440,24h,(1;3),C3,2,145.887
1440,24h,(1;3),C3,3,55.468
1440,24h,(1;3),C3,4,62.891
1440,24h,(1;3),C3,5,149.317
1440,24h,(1;3),C3,6,158.522
1440,24h,(1;3),C3,7,98.957
1440,24h,(1;3),C3,8,67.384
1440,24h,(1;3),C3,9,46.8
1440,24h,(1;3),C3,10,123.754
1440,24h,(1;3),C3,11,147.442
1440,24h,(1;3),C3,12,147.939
1440,24h,(1;3),C3,13,314.366
1440,24h,(1;3),C3,14,79.2
1440,24h,(1;3),C3,15,60.506
1440,24h,(1;3),C3,16,81.384
1440,24h,(1;3),C3,17,299.718
90,90m,(1;5),D1,1,33.132
90,90m,(1;5),D1,2,27.293
90,90m,(1;5),D1,3,25.675
90,90m,(1;5),D1,4,40.986
90,90m,(1;5),D1,5,29.162
90,90m,(1;5),D1,6,41.26
90,90m,(1;5),D1,7,27.883
90,90m,(1;5),D2,1,62.84
90,90m,(1;5),D2,2,62.976
90,90m,(1;5),D2,3,38.168
90,90m,(1;5),D2,4,36.152
90,90m,(1;5),D2,5,103.671
90,90m,(1;5),D3,1,108.037
90,90m,(1;5),D3,2,28.765
90,90m,(1;5),D3,3,74.487
90,90m,(1;5),D3,4,40.78
90,90m,(1;5),D3,5,41.342
90,90m,(1;5),D3,6,176.749
90,90m,(1;5),D3,7,21.714
90,90m,(1;5),D3,8,28.178
180,3h,(1;5),D1,1,132.879
180,3h,(1;5),D1,2,155.607
180,3h,(1;5),D1,3,97.349
180,3h,(1;5),D1,4,147.921
180,3h,(1;5),D1,5,140.708
180,3h,(1;5),D1,6,105.064
180,3h,(1;5),D1,7,157.988
180,3h,(1;5),D1,8,13.165
180,3h,(1;5),D1,9,57.673
180,3h,(1;5),D1,10,16.958
180,3h,(1;5),D1,11,130.944
180,3h,(1;5),D1,12,143.266
180,3h,(1;5),D1,13,22.681
180,3h,(1;5),D1,14,77.442
180,3h,(1;5),D1,15,116.219
180,3h,(1;5),D1,16,12.979
180,3h,(1;5),D1,17,226.547
180,3h,(1;5),D1,18,103.472
180,3h,(1;5),D1,19,113.186
180,3h,(1;5),D1,20,122.705
180,3h,(1;5),D2,1,254.832
180,3h,(1;5),D2,2,142.447
180,3h,(1;5),D2,3,50.934
180,3h,(1;5),D2,4,227.351
180,3h,(1;5),D2,5,226.015
180,3h,(1;5),D2,6,128.35
180,3h,(1;5),D2,7,117.735
180,3h,(1;5),D2,8,114.981
180,3h,(1;5),D2,9,242.443
180,3h,(1;5),D2,10,94.899
180,3h,(1;5),D2,11,63.679
180,3h,(1;5),D2,12,320.556
180,3h,(1;5),D2,13,259.543
180,3h,(1;5),D2,14,107.543
180,3h,(1;5),D2,15,163.259
180,3h,(1;5),D2,16,11.511
180,3h,(1;5),D2,17,127.433
180,3h,(1;5),D2,18,152.303
180,3h,(1;5),D3,1,227.799
180,3h,(1;5),D3,2,248.349
180,3h,(1;5),D3,3,57.967
180,3h,(1;5),D3,4,145.884
180,3h,(1;5),D3,5,180.084
180,3h,(1;5),D3,6,104.263
180,3h,(1;5),D3,7,166.508
180,3h,(1;5),D3,8,158.688
180,3h,(1;5),D3,9,144.49
180,3h,(1;5),D3,10,309.124
180,3h,(1;5),D3,11,191.776
180,3h,(1;5),D3,12,135.342
180,3h,(1;5),D3,13,67.484
360,6h,(1;5),D1,1,167.992
360,6h,(1;5),D1,2,185.584
360,6h,(1;5),D1,3,256.913
360,6h,(1;5),D1,4,185.311
360,6h,(1;5),D1,5,151.659
360,6h,(1;5),D1,6,192.104
360,6h,(1;5),D1,7,142.545
360,6h,(1;5),D1,8,101.334
360,6h,(1;5),D1,9,93.487
360,6h,(1;5),D1,10,144.249
360,6h,(1;5),D1,11,146.709
360,6h,(1;5),D1,12,128.197
360,6h,(1;5),D1,13,127.44
360,6h,(1;5),D1,14,122.059
360,6h,(1;5),D1,15,203.698
360,6h,(1;5),D1,16,83.106
360,6h,(1;5),D1,17,239.153
360,6h,(1;5),D1,18,243.979
360,6h,(1;5),D1,19,162.725
360,6h,(1;5),D1,20,121.147
360,6h,(1;5),D1,21,163.962
360,6h,(1;5),D1,22,36.997
360,6h,(1;5),D2,1,296.925
360,6h,(1;5),D2,2,69.391
360,6h,(1;5),D2,3,81.223
360,6h,(1;5),D2,4,77.236
360,6h,(1;5),D2,5,111.223
360,6h,(1;5),D2,6,77.177
360,6h,(1;5),D2,7,31.936
360,6h,(1;5),D2,8,90.769
360,6h,(1;5),D2,9,25
360,6h,(1;5),D2,10,65.266
360,6h,(1;5),D2,11,55.316
360,6h,(1;5),D2,12,86.615
360,6h,(1;5),D2,13,37.734
360,6h,(1;5),D2,14,193.698
360,6h,(1;5),D2,15,173.934
360,6h,(1;5),D2,16,133.159
360,6h,(1;5),D2,17,159.691
360,6h,(1;5),D2,18,117.2
360,6h,(1;5),D3,1,187.41
360,6h,(1;5),D3,2,143.885
360,6h,(1;5),D3,3,403.674
360,6h,(1;5),D3,4,144.484
360,6h,(1;5),D3,5,117.221
360,6h,(1;5),D3,6,137.318
360,6h,(1;5),D3,7,186.228
360,6h,(1;5),D3,8,195.927
360,6h,(1;5),D3,9,121.574
360,6h,(1;5),D3,10,121.128
720,12h,(1;5),D1,1,130.825
720,12h,(1;5),D1,2,89.78
720,12h,(1;5),D1,3,149.317
720,12h,(1;5),D1,4,101.902
720,12h,(1;5),D1,5,109.984
720,12h,(1;5),D1,6,152.066
720,12h,(1;5),D1,7,189.628
720,12h,(1;5),D1,8,247.058
720,12h,(1;5),D1,9,185.9
720,12h,(1;5),D1,10,155.156
720,12h,(1;5),D1,11,181.648
720,12h,(1;5),D1,12,139.434
720,12h,(1;5),D1,13,188.155
720,12h,(1;5),D1,14,128.054
720,12h,(1;5),D1,15,47.232
720,12h,(1;5),D1,16,65.651
720,12h,(1;5),D1,17,97.015
720,12h,(1;5),D1,18,141.914
720,12h,(1;5),D1,19,138.927
720,12h,(1;5),D1,20,152.232
720,12h,(1;5),D1,21,116.397
720,12h,(1;5),D1,22,90.156
720,12h,(1;5),D1,23,68.169
720,12h,(1;5),D1,24,317.151
720,12h,(1;5),D1,25,152.085
720,12h,(1;5),D1,26,205.993
720,12h,(1;5),D1,27,33.437
720,12h,(1;5),D2,1,149.513
720,12h,(1;5),D2,2,80.181
720,12h,(1;5),D2,3,199.535
720,12h,(1;5),D2,4,90.809
720,12h,(1;5),D2,5,140.67
720,12h,(1;5),D2,6,122.692
720,12h,(1;5),D2,7,208.345
720,12h,(1;5),D2,8,202.572
720,12h,(1;5),D2,9,99.003
720,12h,(1;5),D2,10,319.543
720,12h,(1;5),D2,11,74.827
720,12h,(1;5),D2,12,57.97
720,12h,(1;5),D2,13,67.616
720,12h,(1;5),D2,14,82.299
720,12h,(1;5),D2,15,95.87
720,12h,(1;5),D2,16,17.708
720,12h,(1;5),D3,1,135.111
720,12h,(1;5),D3,2,164.746
720,12h,(1;5),D3,3,133.291
720,12h,(1;5),D3,4,131.53
720,12h,(1;5),D3,5,76.516
720,12h,(1;5),D3,6,440.657
720,12h,(1;5),D3,7,398.542
720,12h,(1;5),D3,8,219.5
720,12h,(1;5),D3,9,257.08
720,12h,(1;5),D3,10,231.303
720,12h,(1;5),D3,11,198.472
720,12h,(1;5),D3,12,208.524
720,12h,(1;5),D3,13,213.749
720,12h,(1;5),D3,14,137.205
720,12h,(1;5),D3,15,233.733
720,12h,(1;5),D3,16,127.313
720,12h,(1;5),D3,17,122.923
720,12h,(1;5),D3,18,199.423
720,12h,(1;5),D3,19,168.865
720,12h,(1;5),D3,20,339.806
720,12h,(1;5),D3,21,87.214
1440,24h,(1;5),D1,1,241.611
1440,24h,(1;5),D1,2,240.36
1440,24h,(1;5),D1,3,125.265
1440,24h,(1;5),D1,4,71.132
1440,24h,(1;5),D1,5,224.46
1440,24h,(1;5),D1,6,199.799
1440,24h,(1;5),D1,7,96.663
1440,24h,(1;5),D1,8,66.35
1440,24h,(1;5),D1,9,120.037
1440,24h,(1;5),D1,10,41.11
1440,24h,(1;5),D1,11,58.361
1440,24h,(1;5),D1,12,177.479
1440,24h,(1;5),D1,13,186.605
1440,24h,(1;5),D1,14,167.187
1440,24h,(1;5),D1,15,306.98
1440,24h,(1;5),D1,16,151.427
1440,24h,(1;5),D1,17,202.534
1440,24h,(1;5),D1,18,31.92
1440,24h,(1;5),D1,19,152.824
1440,24h,(1;5),D1,20,140.316
1440,24h,(1;5),D1,21,169.952
1440,24h,(1;5),D2,1,246.788
1440,24h,(1;5),D2,2,133.596
1440,24h,(1;5),D2,3,211.217
1440,24h,(1;5),D2,4,175.045
1440,24h,(1;5),D2,5,104.352
1440,24h,(1;5),D2,6,479.785
1440,24h,(1;5),D2,7,116.709
1440,24h,(1;5),D2,8,123.179
1440,24h,(1;5),D2,9,164.063
1440,24h,(1;5),D2,10,124.407
1440,24h,(1;5),D2,11,33.774
1440,24h,(1;5),D2,12,41.85
1440,24h,(1;5),D2,13,168.161
1440,24h,(1;5),D2,14,150.483
1440,24h,(1;5),D2,15,50.227
1440,24h,(1;5),D2,16,164.493
1440,24h,(1;5),D2,17,97.506
1440,24h,(1;5),D2,18,307.183
1440,24h,(1;5),D2,19,368.698
1440,24h,(1;5),D2,20,169.735
1440,24h,(1;5),D3,1,462.728
1440,24h,(1;5),D3,2,265.348
1440,24h,(1;5),D3,3,250.816
1440,24h,(1;5),D3,4,219.413
1440,24h,(1;5),D3,5,218.943
1440,24h,(1;5),D3,6,420.48
1440,24h,(1;5),D3,7,221.355
1440,24h,(1;5),D3,8,287.734
1440,24h,(1;5),D3,9,101.104
1440,24h,(1;5),D3,10,217.961
180,3h,(1;20),E1,1,12.389
180,3h,(1;20),E1,2,18.277
180,3h,(1;20),E1,3,21.465
180,3h,(1;20),E1,4,12.778
180,3h,(1;20),E2,1,16.573
180,3h,(1;20),E2,2,14.965
180,3h,(1;20),E2,3,140.62
180,3h,(1;20),E2,4,199.679
180,3h,(1;20),E3,1,12
180,3h,(1;20),E3,2,10
360,6h,(1;20),E1,1,205.239
360,6h,(1;20),E1,2,244.363
360,6h,(1;20),E1,3,193.497
360,6h,(1;20),E1,4,284.992
360,6h,(1;20),E1,5,235.597
360,6h,(1;20),E1,6,349.403
360,6h,(1;20),E1,7,93.624
360,6h,(1;20),E1,8,69.093
360,6h,(1;20),E1,9,142.465
360,6h,(1;20),E1,10,239.879
360,6h,(1;20),E1,11,302.606
360,6h,(1;20),E1,12,207.278
360,6h,(1;20),E1,13,221.52
360,6h,(1;20),E1,14,140.456
360,6h,(1;20),E1,15,213.156
360,6h,(1;20),E1,16,235.389
360,6h,(1;20),E1,17,195.912
360,6h,(1;20),E1,18,67.647
360,6h,(1;20),E1,19,191.528
360,6h,(1;20),E1,20,155.113
360,6h,(1;20),E1,21,233.4
360,6h,(1;20),E1,22,113.27
360,6h,(1;20),E1,23,378.219
360,6h,(1;20),E1,24,43.417
360,6h,(1;20),E1,25,220.147
360,6h,(1;20),E1,26,61.739
360,6h,(1;20),E1,27,309.829
360,6h,(1;20),E1,28,279.666
360,6h,(1;20),E1,29,438.636
360,6h,(1;20),E1,30,89.343
360,6h,(1;20),E1,31,78.538
360,6h,(1;20),E1,32,39.716
360,6h,(1;20),E2,1,71.829
360,6h,(1;20),E2,2,505.404
360,6h,(1;20),E2,3,250.745
360,6h,(1;20),E2,4,474.638
360,6h,(1;20),E2,5,17.718
360,6h,(1;20),E2,6,341.345
360,6h,(1;20),E2,7,17.315
360,6h,(1;20),E2,8,313.1
360,6h,(1;20),E2,9,59.67
360,6h,(1;20),E2,10,525.948
360,6h,(1;20),E2,11,38.309
360,6h,(1;20),E2,12,129.184
360,6h,(1;20),E2,13,152.016
360,6h,(1;20),E2,14,107.291
360,6h,(1;20),E2,15,124.009
360,6h,(1;20),E2,16,146.518
360,6h,(1;20),E2,17,182.392
360,6h,(1;20),E2,18,142.998
360,6h,(1;20),E2,19,242.462
360,6h,(1;20),E2,20,60.641
360,6h,(1;20),E2,21,94.405
360,6h,(1;20),E2,22,227.385
360,6h,(1;20),E2,23,182.762
360,6h,(1;20),E2,24,143.939
360,6h,(1;20),E2,25,70.996
360,6h,(1;20),E3,1,662.039
360,6h,(1;20),E3,2,241.822
360,6h,(1;20),E3,3,209.909
360,6h,(1;20),E3,4,59.484
360,6h,(1;20),E3,5,186.263
360,6h,(1;20),E3,6,289.386
360,6h,(1;20),E3,7,233.459
360,6h,(1;20),E3,8,508.492
360,6h,(1;20),E3,9,256.109
360,6h,(1;20),E3,10,78.252
360,6h,(1;20),E3,11,131.942
360,6h,(1;20),E3,12,316.427
360,6h,(1;20),E3,13,257.383
360,6h,(1;20),E3,14,148.372
360,6h,(1;20),E3,15,215.589
360,6h,(1;20),E3,16,200.987
360,6h,(1;20),E3,17,199.91
360,6h,(1;20),E3,18,191.878
360,6h,(1;20),E3,19,64.011
360,6h,(1;20),E3,20,208.723
360,6h,(1;20),E3,21,109.01
360,6h,(1;20),E3,22,179.696
360,6h,(1;20),E3,23,76.948
360,6h,(1;20),E3,24,92.465
720,12h,(1;20),E1,1,183.421
720,12h,(1;20),E1,2,172.644
720,12h,(1;20),E1,3,613.347
720,12h,(1;20),E1,4,79.462
720,12h,(1;20),E1,5,294.852
720,12h,(1;20),E1,6,293.442
720,12h,(1;20),E1,7,206.825
720,12h,(1;20),E1,8,149.474
720,12h,(1;20),E1,9,109.082
720,12h,(1;20),E1,10,172.256
720,12h,(1;20),E1,11,227.515
720,12h,(1;20),E1,12,188.938
720,12h,(1;20),E1,13,392.167
720,12h,(1;20),E1,14,231.238
720,12h,(1;20),E1,15,63.084
720,12h,(1;20),E1,16,104.506
720,12h,(1;20),E1,17,193.093
720,12h,(1;20),E1,18,216.497
720,12h,(1;20),E1,19,240.627
720,12h,(1;20),E1,20,190.384
720,12h,(1;20),E1,21,175.901
720,12h,(1;20),E1,22,128.5
720,12h,(1;20),E1,23,396.111
720,12h,(1;20),E1,24,189.619
720,12h,(1;20),E2,1,316.732
720,12h,(1;20),E2,2,117.199
720,12h,(1;20),E2,3,140.955
720,12h,(1;20),E2,4,223.365
720,12h,(1;20),E2,5,177.688
720,12h,(1;20),E2,6,167.039
720,12h,(1;20),E2,7,194.665
720,12h,(1;20),E2,8,57.87
720,12h,(1;20),E2,9,41.96
720,12h,(1;20),E2,10,48.714
720,12h,(1;20),E2,11,95.625
720,12h,(1;20),E2,12,61.458
720,12h,(1;20),E2,13,114.723
720,12h,(1;20),E2,14,244.148
720,12h,(1;20),E2,15,312.877
720,12h,(1;20),E2,16,189.219
720,12h,(1;20),E2,17,389.424
720,12h,(1;20),E2,18,115.632
720,12h,(1;20),E2,19,61.478
720,12h,(1;20),E2,20,102.259
720,12h,(1;20),E2,21,249.052
720,12h,(1;20),E2,22,300.159
720,12h,(1;20),E2,23,248.419
720,12h,(1;20),E2,24,427.188
720,12h,(1;20),E2,25,574.328
720,12h,(1;20),E2,26,833.125
720,12h,(1;20),E2,27,60.044
720,12h,(1;20),E2,28,255.491
720,12h,(1;20),E2,29,265.473
720,12h,(1;20),E2,30,674.278
720,12h,(1;20),E2,31,374.171
720,12h,(1;20),E2,32,151.294
720,12h,(1;20),E2,33,57.632
720,12h,(1;20),E2,34,187.526
720,12h,(1;20),E2,35,90.706
720,12h,(1;20),E2,36,138.103
720,12h,(1;20),E2,37,108.132
720,12h,(1;20),E2,38,273.016
720,12h,(1;20),E2,39,186.223
720,12h,(1;20),E2,40,66.599
720,12h,(1;20),E3,1,139.797
720,12h,(1;20),E3,2,232.144
720,12h,(1;20),E3,3,124.05
720,12h,(1;20),E3,4,486.956
720,12h,(1;20),E3,5,341.142
720,12h,(1;20),E3,6,352.317
720,12h,(1;20),E3,7,326.884
720,12h,(1;20),E3,8,440.837
720,12h,(1;20),E3,9,321.43
720,12h,(1;20),E3,10,237.209
720,12h,(1;20),E3,11,35.127
720,12h,(1;20),E3,12,480.807
720,12h,(1;20),E3,13,214.277
1440,24h,(1;20),E1,1,339.342
1440,24h,(1;20),E1,2,299.511
1440,24h,(1;20),E1,3,680.765
1440,24h,(1;20),E1,4,158.883
1440,24h,(1;20),E1,5,299.02
1440,24h,(1;20),E1,6,126.828
1440,24h,(1;20),E1,7,316.975
1440,24h,(1;20),E1,8,316.123
1440,24h,(1;20),E1,9,121.104
1440,24h,(1;20),E1,10,74.373
1440,24h,(1;20),E1,11,226.561
1440,24h,(1;20),E1,12,356.638
1440,24h,(1;20),E1,13,144.236
1440,24h,(1;20),E1,14,420.244
1440,24h,(1;20),E1,15,190.298
1440,24h,(1;20),E1,16,102.297
1440,24h,(1;20),E1,17,326.034
1440,24h,(1;20),E1,18,70.052
1440,24h,(1;20),E1,19,177.394
1440,24h,(1;20),E1,20,132.787
1440,24h,(1;20),E1,21,116.439
1440,24h,(1;20),E2,1,418.971
1440,24h,(1;20),E2,2,368.138
1440,24h,(1;20),E2,3,60.265
1440,24h,(1;20),E2,4,67.127
1440,24h,(1;20),E2,5,354.398
1440,24h,(1;20),E2,6,155.677
1440,24h,(1;20),E2,7,291.143
1440,24h,(1;20),E2,8,213.825
1440,24h,(1;20),E2,9,147.705
1440,24h,(1;20),E2,10,110.254
1440,24h,(1;20),E2,11,192.498
1440,24h,(1;20),E2,12,142.448
1440,24h,(1;20),E2,13,147.899
1440,24h,(1;20),E2,14,129.058
1440,24h,(1;20),E2,15,155.697
1440,24h,(1;20),E2,16,355.521
1440,24h,(1;20),E2,17,45.64
1440,24h,(1;20),E3,1,177.468
1440,24h,(1;20),E3,2,87.538
1440,24h,(1;20),E3,3,59.693
1440,24h,(1;20),E3,4,304.806
1440,24h,(1;20),E3,5,121.031
1440,24h,(1;20),E3,6,44.326
1440,24h,(1;20),E3,7,352.814
1440,24h,(1;20),E3,8,140.039
1440,24h,(1;20),E3,9,273.704
1440,24h,(1;20),E3,10,119.899
1440,24h,(1;20),E3,11,267.911
1440,24h,(1;20),E3,12,304.445
1440,24h,(1;20),E3,13,497.978
1440,24h,(1;20),E3,14,331.834
1440,24h,(1;20),E3,15,182.853
1440,24h,(1;20),E3,16,196.131
1440,24h,(1;20),E3,17,285.034
1440,24h,(1;20),E3,18,198.442
1440,24h,(1;20),E3,19,375.337
1440,24h,(1;20),E3,20,58.087
1440,24h,(1;20),E3,21,72.905
1440,24h,(1;20),E3,22,50.839
360,6h,(1;100),F1,1,495.497
360,6h,(1;100),F1,2,156.058
360,6h,(1;100),F1,3,27.032
360,6h,(1;100),F1,4,47.459
360,6h,(1;100),F1,5,18.875
360,6h,(1;100),F1,6,63.081
360,6h,(1;100),F1,7,41.291
360,6h,(1;100),F1,8,21.015
360,6h,(1;100),F1,9,528.446
360,6h,(1;100),F1,10,20.559
360,6h,(1;100),F2,1,229.595
360,6h,(1;100),F2,2,570.978
360,6h,(1;100),F2,3,169.641
360,6h,(1;100),F2,4,150.289
360,6h,(1;100),F2,5,175.492
360,6h,(1;100),F2,6,293.459
360,6h,(1;100),F2,7,260.202
360,6h,(1;100),F2,8,199.78
360,6h,(1;100),F2,9,231.216
360,6h,(1;100),F2,10,170.297
360,6h,(1;100),F2,11,284.077
360,6h,(1;100),F2,12,25.048
360,6h,(1;100),F2,13,238.403
360,6h,(1;100),F2,14,214.388
360,6h,(1;100),F2,15,117.876
360,6h,(1;100),F3,1,235.915
360,6h,(1;100),F3,2,179.04
360,6h,(1;100),F3,3,26.462
360,6h,(1;100),F3,4,229.07
360,6h,(1;100),F3,5,25.743
360,6h,(1;100),F3,6,66.57
360,6h,(1;100),F3,7,281.969
360,6h,(1;100),F3,8,98.505
360,6h,(1;100),F3,9,248.393
360,6h,(1;100),F3,10,84.913
360,6h,(1;100),F3,11,207.784
360,6h,(1;100),F3,12,200.806
360,6h,(1;100),F3,13,342.873
360,6h,(1;100),F3,14,183.75
360,6h,(1;100),F3,15,61.708
360,6h,(1;100),F3,16,66.963
360,6h,(1;100),F3,17,274.77
360,6h,(1;100),F3,18,141.508
720,12h,(1;100),F1,1,248.735
720,12h,(1;100),F1,2,125.144
720,12h,(1;100),F1,3,882.034
720,12h,(1;100),F1,4,259.608
720,12h,(1;100),F1,5,853.415
720,12h,(1;100),F1,6,161.83
720,12h,(1;100),F1,7,136.672
720,12h,(1;100),F1,8,182.424
720,12h,(1;100),F1,9,72.626
720,12h,(1;100),F1,10,51.852
720,12h,(1;100),F1,11,20.895
720,12h,(1;100),F1,12,250.857
720,12h,(1;100),F1,13,231.927
720,12h,(1;100),F1,14,341.617
720,12h,(1;100),F1,15,153.53
720,12h,(1;100),F1,16,194.787
720,12h,(1;100),F1,17,335.501
720,12h,(1;100),F1,18,71.81
720,12h,(1;100),F1,19,267.079
720,12h,(1;100),F1,20,539.96
720,12h,(1;100),F1,21,94.063
720,12h,(1;100),F1,22,344.172
720,12h,(1;100),F1,23,227.546
720,12h,(1;100),F1,24,173.332
720,12h,(1;100),F1,25,240.904
720,12h,(1;100),F1,26,122.739
720,12h,(1;100),F1,27,118.537
720,12h,(1;100),F2,1,226.354
720,12h,(1;100),F2,2,332.827
720,12h,(1;100),F2,3,165.553
720,12h,(1;100),F2,4,1124.132
720,12h,(1;100),F2,5,107.351
720,12h,(1;100),F2,6,112.194
720,12h,(1;100),F2,7,440.59
720,12h,(1;100),F2,8,606.066
720,12h,(1;100),F2,9,191.523
720,12h,(1;100),F2,10,174.798
720,12h,(1;100),F2,11,46.726
720,12h,(1;100),F2,12,233.091
720,12h,(1;100),F2,13,145.451
720,12h,(1;100),F2,14,150.811
720,12h,(1;100),F2,15,267.623
720,12h,(1;100),F2,16,294.576
720,12h,(1;100),F2,17,201.99
720,12h,(1;100),F2,18,166.923
720,12h,(1;100),F2,19,183.305
720,12h,(1;100),F2,20,84.972
720,12h,(1;100),F2,21,330.535
720,12h,(1;100),F2,22,289.481
720,12h,(1;100),F2,23,316.817
720,12h,(1;100),F2,24,118.547
720,12h,(1;100),F2,25,99.079
720,12h,(1;100),F2,26,77.104
720,12h,(1;100),F3,1,219.474
720,12h,(1;100),F3,2,150.137
720,12h,(1;100),F3,3,219.028
720,12h,(1;100),F3,4,124.424
720,12h,(1;100),F3,5,180.046
720,12h,(1;100),F3,6,159.179
720,12h,(1;100),F3,7,225.784
720,12h,(1;100),F3,8,112.015
720,12h,(1;100),F3,9,312.721
720,12h,(1;100),F3,10,337.72
720,12h,(1;100),F3,11,156.146
720,12h,(1;100),F3,12,118.213
720,12h,(1;100),F3,13,139.549
720,12h,(1;100),F3,14,56.395
720,12h,(1;100),F3,15,634.911
720,12h,(1;100),F3,16,140.286
720,12h,(1;100),F3,17,163.725
720,12h,(1;100),F3,18,142.909
720,12h,(1;100),F3,19,62.601
720,12h,(1;100),F3,20,339.653
720,12h,(1;100),F3,21,240.134
720,12h,(1;100),F3,22,180.803
720,12h,(1;100),F3,23,157.111
720,12h,(1;100),F3,24,249.534
720,12h,(1;100),F3,25,73.624
720,12h,(1;100),F3,26,134.414
720,12h,(1;100),F3,27,227.575
720,12h,(1;100),F3,28,150.903
720,12h,(1;100),F3,29,54.657
720,12h,(1;100),F3,30,297
720,12h,(1;100),F3,31,679.646
720,12h,(1;100),F3,32,342.622
720,12h,(1;100),F3,33,147.827
720,12h,(1;100),F3,34,121.242
1440,24h,(1;100),F1,1,272.85
1440,24h,(1;100),F1,2,318.315
1440,24h,(1;100),F1,3,597.85
1440,24h,(1;100),F1,4,362.189
1440,24h,(1;100),F1,5,251.93
1440,24h,(1;100),F1,6,152.415
1440,24h,(1;100),F1,7,197.496
1440,24h,(1;100),F1,8,557.807
1440,24h,(1;100),F1,9,181.639
1440,24h,(1;100),F1,10,51.398
1440,24h,(1;100),F1,11,87.514
1440,24h,(1;100),F1,12,164.961
1440,24h,(1;100),F1,13,859.33
1440,24h,(1;100),F1,14,399.888
1440,24h,(1;100),F1,15,130.827
1440,24h,(1;100),F1,16,867.244
1440,24h,(1;100),F1,17,291.323
1440,24h,(1;100),F1,18,154.05
1440,24h,(1;100),F1,19,175.941
1440,24h,(1;100),F1,20,204.394
1440,24h,(1;100),F1,21,26.371
1440,24h,(1;100),F1,22,265.296
1440,24h,(1;100),F1,23,140.857
1440,24h,(1;100),F1,24,203.391
1440,24h,(1;100),F1,25,125.578
1440,24h,(1;100),F1,26,63.402
1440,24h,(1;100),F1,27,513.553
1440,24h,(1;100),F1,28,133.847
1440,24h,(1;100),F1,29,74.982
1440,24h,(1;100),F1,30,248.374
1440,24h,(1;100),F2,1,379.769
1440,24h,(1;100),F2,2,240.824
1440,24h,(1;100),F2,3,86.854
1440,24h,(1;100),F2,4,187.261
1440,24h,(1;100),F2,5,496.64
1440,24h,(1;100),F2,6,240.154
1440,24h,(1;100),F2,7,162.527
1440,24h,(1;100),F2,8,100.513
1440,24h,(1;100),F2,9,257.009
1440,24h,(1;100),F2,10,360.17
1440,24h,(1;100),F2,11,143.621
1440,24h,(1;100),F2,12,165.893
1440,24h,(1;100),F2,13,398.167
1440,24h,(1;100),F2,14,200.493
1440,24h,(1;100),F2,15,216.542
1440,24h,(1;100),F2,16,465.991
1440,24h,(1;100),F2,17,150.451
1440,24h,(1;100),F2,18,211.343
1440,24h,(1;100),F2,19,108.158
1440,24h,(1;100),F2,20,259.373
1440,24h,(1;100),F2,21,661.392
1440,24h,(1;100),F2,22,98.922
1440,24h,(1;100),F2,23,790.007
1440,24h,(1;100),F2,24,172.024
1440,24h,(1;100),F3,1,358.255
1440,24h,(1;100),F3,2,111.456
1440,24h,(1;100),F3,3,227.271
1440,24h,(1;100),F3,4,327.292
1440,24h,(1;100),F3,5,225.686
1440,24h,(1;100),F3,6,120.899
1440,24h,(1;100),F3,7,350.07
1440,24h,(1;100),F3,8,135.603
1440,24h,(1;100),F3,9,239.176
1440,24h,(1;100),F3,10,38.507
1440,24h,(1;100),F3,11,270.722
1440,24h,(1;100),F3,12,148.007
1440,24h,(1;100),F3,13,147.445
1440,24h,(1;100),F3,14,202.786
1440,24h,(1;100),F3,15,233.885
1440,24h,(1;100),F3,16,202.478
1440,24h,(1;100),F3,17,98.959
1440,24h,(1;100),F3,18,234.091
1440,24h,(1;100),F3,19,176.976
1440,24h,(1;100),F3,20,224.469
1440,24h,(1;100),F3,21,222.78
1440,24h,(1;100),F3,22,43.202
1440,24h,(1;100),F3,23,316.375
1440,24h,(1;100),F3,24,660.447
1440,24h,(1;100),F3,25,162.827
1440,24h,(1;100),F3,26,343.566
1440,24h,(1;100),F3,27,149.344
1440,24h,(1;100),F3,28,128.535
1440,24h,(1;100),F3,29,148.182
1440,24h,(1;100),F3,30,193.721
1440,24h,(1;100),F3,31,102.826
1440,24h,(1;100),F3,32,171.095
1440,24h,(1;100),F3,33,154.951
1440,24h,(1;100),F3,34,593.642
1440,24h,(1;100),F3,35,158.464
1440,24h,(1;100),F3,36,88.359
1440,24h,(1;100),F3,37,78.741
1440,24h,(1;100),F3,38,174.566
90,90m,(1;),A1,6,14.499
90,90m,(1;),A1,1,15.73
90,90m,(1;),A1,2,29.494
90,90m,(1;),A1,9,31.069
90,90m,(1;),A1,3,56.058
90,90m,(1;),A1,10,59.547
90,90m,(1;),A1,5,75.291
90,90m,(1;),A1,4,80.027
90,90m,(1;),A1,8,91.749
90,90m,(1;),A1,12,101.716
90,90m,(1;),A1,11,115.065
90,90m,(1;),A1,7,226.915
90,90m,(1;),A2,1,101.607
90,90m,(1;),A2,2,33.518
90,90m,(1;),A2,3,45.13
90,90m,(1;),A2,4,18.35
90,90m,(1;),A2,5,40.707
90,90m,(1;),A2,6,20.206
90,90m,(1;),A2,7,28.093
90,90m,(1;),A2,8,30.797
90,90m,(1;),A2,9,22.309
90,90m,(1;),A2,10,18.904
90,90m,(1;),A2,11,4.506
90,90m,(1;),A2,12,10.19
90,90m,(1;),A3,1,109.238
90,90m,(1;),A3,2,99.543
90,90m,(1;),A3,3,35.976
90,90m,(1;),A3,4,58.958
90,90m,(1;),A3,5,139.561
90,90m,(1;),A3,6,91.339
90,90m,(1;),A3,7,31.213
90,90m,(1;),A3,8,97.687
90,90m,(1;),A3,9,62.054
90,90m,(1;),A3,10,29.558
90,90m,(1;),A3,11,285.915
90,90m,(1;),A3,12,43.339
90,90m,(1;),A3,13,51.083
90,90m,(1;),A3,14,53.638
90,90m,(1;),A3,15,8.745
180,3h,(1;),A1,1,119.687
180,3h,(1;),A1,2,93.13
180,3h,(1;),A1,3,57.118
180,3h,(1;),A1,4,169.659
180,3h,(1;),A1,5,101.779
180,3h,(1;),A1,6,97.279
180,3h,(1;),A1,7,14.766
180,3h,(1;),A1,8,11.239
180,3h,(1;),A1,9,15.562
180,3h,(1;),A1,10,13.359
180,3h,(1;),A1,11,78.077
180,3h,(1;),A1,12,22.478
180,3h,(1;),A1,13,41.118
180,3h,(1;),A1,14,166.968
180,3h,(1;),A1,15,40.259
180,3h,(1;),A1,16,67.179
180,3h,(1;),A1,17,16.951
180,3h,(1;),A1,18,34.206
180,3h,(1;),A2,1,83.27
180,3h,(1;),A2,2,48.44
180,3h,(1;),A2,3,18.108
180,3h,(1;),A2,4,46.845
180,3h,(1;),A2,5,23.918
180,3h,(1;),A2,6,32.853
180,3h,(1;),A2,7,179.633
180,3h,(1;),A2,8,45.506
180,3h,(1;),A2,9,61.517
180,3h,(1;),A2,10,9.214
180,3h,(1;),A2,11,16.426
180,3h,(1;),A3,1,182.09
180,3h,(1;),A3,2,112.074
180,3h,(1;),A3,3,127.315
180,3h,(1;),A3,4,101.033
180,3h,(1;),A3,5,133.656
180,3h,(1;),A3,6,151.695
180,3h,(1;),A3,7,108.984
180,3h,(1;),A3,8,56.663
180,3h,(1;),A3,9,47.161
180,3h,(1;),A3,10,33.028
180,3h,(1;),A3,11,48.343
180,3h,(1;),A3,12,8.015
360,6h,(1;),A1,1,190.791
360,6h,(1;),A1,2,37.119
360,6h,(1;),A1,3,42.028
360,6h,(1;),A1,4,16.948
360,6h,(1;),A1,5,113.539
360,6h,(1;),A1,6,20.212
360,6h,(1;),A1,7,13.245
360,6h,(1;),A1,8,74.404
360,6h,(1;),A1,9,42.894
360,6h,(1;),A1,10,47.55
360,6h,(1;),A1,11,35.667
360,6h,(1;),A1,12,10.139
360,6h,(1;),A2,1,49.039
360,6h,(1;),A2,2,30.747
360,6h,(1;),A2,3,166.699
360,6h,(1;),A2,4,31.371
360,6h,(1;),A2,5,40.023
360,6h,(1;),A2,6,52.989
360,6h,(1;),A2,7,16.468
360,6h,(1;),A2,8,57.824
360,6h,(1;),A3,1,98.66
360,6h,(1;),A3,2,87.722
360,6h,(1;),A3,3,91.811
360,6h,(1;),A3,4,160.108
360,6h,(1;),A3,5,120.189
360,6h,(1;),A3,6,172.814
360,6h,(1;),A3,7,96.735
360,6h,(1;),A3,8,98.969
360,6h,(1;),A3,9,10.579
360,6h,(1;),A3,10,63.109
360,6h,(1;),A3,11,139.123
360,6h,(1;),A3,12,132.973
360,6h,(1;),A3,13,65.417
360,6h,(1;),A3,14,109.567
360,6h,(1;),A3,15,103.316
360,6h,(1;),A3,16,88.953
360,6h,(1;),A3,17,39.56
360,6h,(1;),A3,18,104.845
360,6h,(1;),A3,19,81.612
360,6h,(1;),A3,20,25.83
360,6h,(1;),A3,21,12.548
720,12h,(1;),A1,1,23.006
720,12h,(1;),A1,2,28.308
720,12h,(1;),A1,3,96.109
720,12h,(1;),A1,4,74.027
720,12h,(1;),A1,5,155.864
720,12h,(1;),A1,6,46.078
720,12h,(1;),A1,7,47.509
720,12h,(1;),A1,8,53.291
720,12h,(1;),A1,9,129.442
720,12h,(1;),A1,10,73.849
720,12h,(1;),A1,11,66.975
720,12h,(1;),A1,12,57.103
720,12h,(1;),A2,1,100.539
720,12h,(1;),A2,2,73.648
720,12h,(1;),A2,3,81.947
720,12h,(1;),A2,4,36.606
720,12h,(1;),A2,5,36.513
720,12h,(1;),A2,6,107.927
720,12h,(1;),A2,7,95.942
720,12h,(1;),A2,8,23.472
720,12h,(1;),A2,9,78.355
720,12h,(1;),A2,10,71.33
720,12h,(1;),A2,11,120.267
720,12h,(1;),A2,12,44.887
720,12h,(1;),A2,13,26.725
720,12h,(1;),A2,14,28.041
720,12h,(1;),A2,15,183.587
720,12h,(1;),A2,16,37.052
720,12h,(1;),A2,17,53.248
720,12h,(1;),A2,18,61.391
720,12h,(1;),A2,19,20.957
720,12h,(1;),A2,20,71.081
720,12h,(1;),A2,21,36.709
720,12h,(1;),A3,1,174.648
720,12h,(1;),A3,2,124.228
720,12h,(1;),A3,3,101.434
720,12h,(1;),A3,4,140.908
720,12h,(1;),A3,5,109.322
720,12h,(1;),A3,6,75.02
720,12h,(1;),A3,7,72.648
720,12h,(1;),A3,8,162.158
720,12h,(1;),A3,9,42.218
720,12h,(1;),A3,10,111.904
720,12h,(1;),A3,11,89.884
720,12h,(1;),A3,12,48.513
720,12h,(1;),A3,13,55.03
1440,24h,(1;),A1,1,188.955
1440,24h,(1;),A1,2,107.99
1440,24h,(1;),A1,3,9.813
1440,24h,(1;),A1,4,14.63
1440,24h,(1;),A1,5,141.956
1440,24h,(1;),A1,6,45.921
1440,24h,(1;),A1,7,119.002
1440,24h,(1;),A1,8,49.965
1440,24h,(1;),A1,9,40.633
1440,24h,(1;),A1,10,188.955
1440,24h,(1;),A1,11,107.99
1440,24h,(1;),A1,12,9.813
1440,24h,(1;),A1,13,14.63
1440,24h,(1;),A1,14,141.956
1440,24h,(1;),A1,15,45.921
1440,24h,(1;),A1,16,119.002
1440,24h,(1;),A1,17,49.965
1440,24h,(1;),A1,18,40.633
1440,24h,(1;),A2,1,99.978
1440,24h,(1;),A2,2,67.955
1440,24h,(1;),A2,3,52.748
1440,24h,(1;),A2,4,71.878
1440,24h,(1;),A2,5,51.368
1440,24h,(1;),A2,6,184.285
1440,24h,(1;),A2,7,29.338
1440,24h,(1;),A2,8,39.628
1440,24h,(1;),A2,9,20.468
1440,24h,(1;),A2,10,42.444
1440,24h,(1;),A2,11,61.749
1440,24h,(1;),A3,1,99.978
1440,24h,(1;),A3,2,67.955
1440,24h,(1;),A3,3,52.748
1440,24h,(1;),A3,4,71.878
1440,24h,(1;),A3,5,51.368
1440,24h,(1;),A3,6,184.285
1440,24h,(1;),A3,7,29.338
1440,24h,(1;),A3,8,39.628
1440,24h,(1;),A3,9,20.468
1440,24h,(1;),A3,10,42.444
1440,24h,(1;),A3,11,61.749