Trial.date,image.ID,Microbetreatment,Assay.replicate,Timepoint,Minutes,initialOD,Total.pollen,number.germ,number.burst,number.tip.burst,Proportion.germinated,Proportion.burst,Proportion_tip_burst,allgerm,allburst
01.16.20,a1,(undiluted),1,15m,15,0.1,24,0,1,0,0,0.041666667,0,0,0.041666667
01.16.20,a2,(undiluted),2,15m,15,0.1,23,0,0,0,0,0,0,0,0
01.16.20,a3,(undiluted),3,15m,15,0.1,21,0,0,0,0,0,0,0,0
01.16.20,b1,(1:2),1,15m,15,0.05,20,1,1,0,0.05,0.05,0,0.05,0.05
01.16.20,b2,(1:2),2,15m,15,0.05,27,0,0,0,0,0,0,0,0
01.16.20,b3,(1:2),3,15m,15,0.05,26,1,0,0,0.038461538,0,0,0.038461538,0
01.16.20,c1,(1:3),1,15m,15,0.033333333,23,0,0,0,0,0,0,0,0
01.16.20,c2,(1:3),2,15m,15,0.033333333,21,0,0,0,0,0,0,0,0
01.16.20,c3,(1:3),3,15m,15,0.033333333,19,0,0,0,0,0,0,0,0
01.16.20,d1,(1:5),1,15m,15,0.02,39,0,0,0,0,0,0,0,0
01.16.20,d2,(1:5),2,15m,15,0.02,39,0,1,0,0,0.025641026,0,0,0.025641026
01.16.20,d3,(1:5),3,15m,15,0.02,24,0,0,0,0,0,0,0,0
01.16.20,e1,(1:20),1,15m,15,0.005,39,0,1,0,0,0.025641026,0,0,0.025641026
01.16.20,e2,(1:20),2,15m,15,0.005,40,0,0,0,0,0,0,0,0
01.16.20,e3,(1:20),3,15m,15,0.005,15,0,0,0,0,0,0,0,0
01.16.20,f1,(1:100),1,15m,15,0.001,40,0,0,0,0,0,0,0,0
01.16.20,f2,(1:100),2,15m,15,0.001,38,0,0,0,0,0,0,0,0
01.16.20,f3,(1:100),3,15m,15,0.001,40,0,0,0,0,0,0,0,0
01.16.20,g1,(sterile BK),1,15m,15,0,42,1,0,0,0.023809524,0,0,0.023809524,0
01.16.20,g2,(sterile BK),2,15m,15,0,58,0,0,0,0,0,0,0,0
01.16.20,g3,(sterile BK),3,15m,15,0,38,0,0,0,0,0,0,0,0
01.16.20,a1,(undiluted),1,45m,45,0.1,28,9,2,0,0.321428571,0.071428571,0,0.321428571,0.071428571
01.16.20,a2,(undiluted),2,45m,45,0.1,32,5,1,1,0.15625,0.03125,0.03125,0.1875,0.0625
01.16.20,a3,(undiluted),3,45m,45,0.1,30,9,1,0,0.3,0.033333333,0,0.3,0.033333333
01.16.20,b1,(1:2),1,45m,45,0.05,23,0,0,1,0,0,0.043478261,0.043478261,0.043478261
01.16.20,b2,(1:2),2,45m,45,0.05,29,3,1,0,0.103448276,0.034482759,0,0.103448276,0.034482759
01.16.20,b3,(1:2),3,45m,45,0.05,65,14,2,1,0.215384615,0.030769231,0.015384615,0.230769231,0.046153846
01.16.20,c1,(1:3),1,45m,45,0.033333333,26,0,0,0,0,0,0,0,0
01.16.20,c2,(1:3),2,45m,45,0.033333333,45,0,1,0,0,0.022222222,0,0,0.022222222
01.16.20,c3,(1:3),3,45m,45,0.033333333,17,3,0,0,0.176470588,0,0,0.176470588,0
01.16.20,d1,(1:5),1,45m,45,0.02,43,0,0,0,0,0,0,0,0
01.16.20,d2,(1:5),2,45m,45,0.02,42,0,0,0,0,0,0,0,0
01.16.20,d3,(1:5),3,45m,45,0.02,11,0,0,0,0,0,0,0,0
01.16.20,e1,(1:20),1,45m,45,0.005,35,0,1,0,0,0.028571429,0,0,0.028571429
01.16.20,e2,(1:20),2,45m,45,0.005,35,0,0,0,0,0,0,0,0
01.16.20,e3,(1:20),3,45m,45,0.005,35,0,0,0,0,0,0,0,0
01.16.20,f1,(1:100),1,45m,45,0.001,33,1,0,0,0.03030303,0,0,0.03030303,0
01.16.20,f2,(1:100),2,45m,45,0.001,39,0,1,0,0,0.025641026,0,0,0.025641026
01.16.20,f3,(1:100),3,45m,45,0.001,57,0,0,0,0,0,0,0,0
01.16.20,g1,(sterile BK),1,45m,45,0,42,0,0,0,0,0,0,0,0
01.16.20,g2,(sterile BK),2,45m,45,0,56,0,1,0,0,0.017857143,0,0,0.017857143
01.16.20,g3,(sterile BK),3,45m,45,0,64,1,0,0,0.015625,0,0,0.015625,0
01.16.20,a1,(undiluted),1,90m,90,0.1,50,4,4,5,0.08,0.08,0.1,0.18,0.18
01.16.20,b1,(1:2),1,90m,90,0.05,61,10,4,3,0.163934426,0.06557377,0.049180328,0.213114754,0.114754098
01.16.20,c1,(1:3),1,90m,90,0.033333333,61,9,2,3,0.147540984,0.032786885,0.049180328,0.196721311,0.081967213
01.16.20,d1,(1:5),1,90m,90,0.02,87,6,4,3,0.068965517,0.045977011,0.034482759,0.103448276,0.08045977
01.16.20,e1,(1:20),1,90m,90,0.005,49,0,1,0,0,0.020408163,0,0,0.020408163
01.16.20,f1,(1:100),1,90m,90,0.001,63,0,2,0,0,0.031746032,0,0,0.031746032
01.16.20,g1,(sterile BK),1,90m,90,0,60,0,2,0,0,0.033333333,0,0,0.033333333
01.16.20,a2,(undiluted),2,90m,90,0.1,48,10,4,5,0.208333333,0.083333333,0.104166667,0.3125,0.1875
01.16.20,b2,(1:2),2,90m,90,0.05,40,11,1,2,0.275,0.025,0.05,0.325,0.075
01.16.20,c2,(1:3),2,90m,90,0.033333333,60,11,0,0,0.183333333,0,0,0.183333333,0
01.16.20,d2,(1:5),2,90m,90,0.02,52,9,3,0,0.173076923,0.057692308,0,0.173076923,0.057692308
01.16.20,e2,(1:20),2,90m,90,0.005,52,0,1,0,0,0.019230769,0,0,0.019230769
01.16.20,f2,(1:100),2,90m,90,0.001,59,0,2,0,0,0.033898305,0,0,0.033898305
01.16.20,g2,(sterile BK),2,90m,90,0,73,1,0,0,0.01369863,0,0,0.01369863,0
01.16.20,a3,(undiluted),3,90m,90,0.1,50,15,0,5,0.3,0,0.1,0.4,0.1
01.16.20,b3,(1:2),3,90m,90,0.05,71,17,2,13,0.23943662,0.028169014,0.183098592,0.422535211,0.211267606
01.16.20,c3,(1:3),3,90m,90,0.033333333,36,5,0,1,0.138888889,0,0.027777778,0.166666667,0.027777778
01.16.20,d3,(1:5),3,90m,90,0.02,25,9,0,0,0.36,0,0,0.36,0
01.16.20,e3,(1:20),3,90m,90,0.005,21,0,0,0,0,0,0,0,0
01.16.20,f3,(1:100),3,90m,90,0.001,15,0,0,0,0,0,0,0,0
01.16.20,g3,(sterile BK),3,90m,90,0,26,0,0,0,0,0,0,0,0
01.16.20,a1,(undiluted),1,3h,180,0.1,47,9,1,7,0.191489362,0.021276596,0.14893617,0.340425532,0.170212766
01.16.20,b1,(1:2),1,3h,180,0.05,41,6,3,6,0.146341463,0.073170732,0.146341463,0.292682927,0.219512195
01.16.20,c1,(1:3),1,3h,180,0.033333333,38,4,0,11,0.105263158,0,0.289473684,0.394736842,0.289473684
01.16.20,d1,(1:5),1,3h,180,0.02,55,16,4,5,0.290909091,0.072727273,0.090909091,0.381818182,0.163636364
01.16.20,e1,(1:20),1,3h,180,0.005,50,3,2,1,0.06,0.04,0.02,0.08,0.06
01.16.20,f1,(1:100),1,3h,180,0.001,35,1,0,0,0.028571429,0,0,0.028571429,0
01.16.20,g1,(sterile BK),1,3h,180,0,65,2,0,0,0.030769231,0,0,0.030769231,0
01.16.20,a2,(undiluted),2,3h,180,0.1,35,4,1,10,0.114285714,0.028571429,0.285714286,0.4,0.314285714
01.16.20,b2,(1:2),2,3h,180,0.05,28,2,0,5,0.071428571,0,0.178571429,0.25,0.178571429
01.16.20,c2,(1:3),2,3h,180,0.033333333,15,1,0,3,0.066666667,0,0.2,0.266666667,0.2
01.16.20,d2,(1:5),2,3h,180,0.02,56,12,2,6,0.214285714,0.035714286,0.107142857,0.321428571,0.142857143
01.16.20,e2,(1:20),2,3h,180,0.005,57,3,1,1,0.052631579,0.01754386,0.01754386,0.070175439,0.035087719
01.16.20,f2,(1:100),2,3h,180,0.001,42,0,0,0,0,0,0,0,0
01.16.20,g2,(sterile BK),2,3h,180,0,68,0,0,0,0,0,0,0,0
01.16.20,a3,(undiluted),3,3h,180,0.1,27,13,1,1,0.481481481,0.037037037,0.037037037,0.518518519,0.074074074
01.16.20,b3,(1:2),3,3h,180,0.05,30,1,2,11,0.033333333,0.066666667,0.366666667,0.4,0.433333333
01.16.20,c3,(1:3),3,3h,180,0.033333333,38,5,2,4,0.131578947,0.052631579,0.105263158,0.236842105,0.157894737
01.16.20,d3,(1:5),3,3h,180,0.02,48,6,3,5,0.125,0.0625,0.104166667,0.229166667,0.166666667
01.16.20,e3,(1:20),3,3h,180,0.005,60,3,4,3,0.05,0.066666667,0.05,0.1,0.116666667
01.16.20,f3,(1:100),3,3h,180,0.001,48,0,0,0,0,0,0,0,0
01.16.20,g3,(sterile BK),3,3h,180,0,50,0,0,0,0,0,0,0,0
01.16.20,a1,(undiluted),1,4h,240,0.1,43,5,2,8,0.11627907,0.046511628,0.186046512,0.302325581,0.23255814
01.16.20,b1,(1:2),1,4h,240,0.05,51,5,0,13,0.098039216,0,0.254901961,0.352941176,0.254901961
01.16.20,c1,(1:3),1,4h,240,0.033333333,67,12,1,10,0.179104478,0.014925373,0.149253731,0.328358209,0.164179104
01.16.20,d1,(1:5),1,4h,240,0.02,69,8,3,19,0.115942029,0.043478261,0.275362319,0.391304348,0.31884058
01.16.20,e1,(1:20),1,4h,240,0.005,78,15,0,2,0.192307692,0,0.025641026,0.217948718,0.025641026
01.16.20,f1,(1:100),1,4h,240,0.001,66,3,1,1,0.045454545,0.015151515,0.015151515,0.060606061,0.03030303
01.16.20,g1,(sterile BK),1,4h,240,0,72,0,0,0,0,0,0,0,0
01.16.20,a2,(undiluted),2,4h,240,0.1,33,4,1,11,0.121212121,0.03030303,0.333333333,0.454545455,0.363636364
01.16.20,b2,(1:2),2,4h,240,0.05,53,7,0,14,0.132075472,0,0.264150943,0.396226415,0.264150943
01.16.20,c2,(1:3),2,4h,240,0.033333333,41,10,1,6,0.243902439,0.024390244,0.146341463,0.390243902,0.170731707
01.16.20,d2,(1:5),2,4h,240,0.02,72,13,2,16,0.180555556,0.027777778,0.222222222,0.402777778,0.25
01.16.20,e2,(1:20),2,4h,240,0.005,85,23,3,3,0.270588235,0.035294118,0.035294118,0.305882353,0.070588235
01.16.20,f2,(1:100),2,4h,240,0.001,66,1,0,1,0.015151515,0,0.015151515,0.03030303,0.015151515
01.16.20,g2,(sterile BK),2,4h,240,0,43,1,0,0,0.023255814,0,0,0.023255814,0
01.16.20,a3,(undiluted),3,4h,240,0.1,27,5,0,4,0.185185185,0,0.148148148,0.333333333,0.148148148
01.16.20,b3,(1:2),3,4h,240,0.05,30,4,1,8,0.133333333,0.033333333,0.266666667,0.4,0.3
01.16.20,c3,(1:3),3,4h,240,0.033333333,21,6,2,2,0.285714286,0.095238095,0.095238095,0.380952381,0.19047619
01.16.20,d3,(1:5),3,4h,240,0.02,28,4,0,7,0.142857143,0,0.25,0.392857143,0.25
01.16.20,e3,(1:20),3,4h,240,0.005,40,8,1,1,0.2,0.025,0.025,0.225,0.05
01.16.20,f3,(1:100),3,4h,240,0.001,67,12,0,1,0.179104478,0,0.014925373,0.194029851,0.014925373
01.16.20,g3,(sterile BK),3,4h,240,0,45,0,0,0,0,0,0,0,0
01.16.20,a1,(undiluted),1,6h,360,0.1,33,4,3,8,0.121212121,0.090909091,0.242424242,0.363636364,0.333333333
01.16.20,b1,(1:2),1,6h,360,0.05,37,4,1,8,0.108108108,0.027027027,0.216216216,0.324324324,0.243243243
01.16.20,c1,(1:3),1,6h,360,0.033333333,51,8,0,13,0.156862745,0,0.254901961,0.411764706,0.254901961
01.16.20,d1,(1:5),1,6h,360,0.02,68,9,4,13,0.132352941,0.058823529,0.191176471,0.323529412,0.25
01.16.20,e1,(1:20),1,6h,360,0.005,65,10,2,22,0.153846154,0.030769231,0.338461538,0.492307692,0.369230769
01.16.20,f1,(1:100),1,6h,360,0.001,64,8,1,1,0.125,0.015625,0.015625,0.140625,0.03125
01.16.20,g1,(sterile BK),1,6h,360,0,80,3,0,0,0.0375,0,0,0.0375,0
01.16.20,a2,(undiluted),2,6h,360,0.1,31,0,0,8,0,0,0.258064516,0.258064516,0.258064516
01.16.20,b2,(1:2),2,6h,360,0.05,43,4,2,7,0.093023256,0.046511628,0.162790698,0.255813953,0.209302326
01.16.20,c2,(1:3),2,6h,360,0.033333333,40,9,1,8,0.225,0.025,0.2,0.425,0.225
01.16.20,d2,(1:5),2,6h,360,0.02,50,8,2,12,0.16,0.04,0.24,0.4,0.28
01.16.20,e2,(1:20),2,6h,360,0.005,57,11,3,19,0.192982456,0.052631579,0.333333333,0.526315789,0.385964912
01.16.20,f2,(1:100),2,6h,360,0.001,68,11,0,6,0.161764706,0,0.088235294,0.25,0.088235294
01.16.20,g2,(sterile BK),2,6h,360,0,54,0,0,,0,0,0,0,0
01.16.20,a3,(undiluted),3,6h,360,0.1,36,7,0,11,0.194444444,0,0.305555556,0.5,0.305555556
01.16.20,b3,(1:2),3,6h,360,0.05,61,7,1,20,0.114754098,0.016393443,0.327868852,0.442622951,0.344262295
01.16.20,c3,(1:3),3,6h,360,0.033333333,50,11,0,2,0.22,0,0.04,0.26,0.04
01.16.20,d3,(1:5),3,6h,360,0.02,36,4,1,8,0.111111111,0.027777778,0.222222222,0.333333333,0.25
01.16.20,e3,(1:20),3,6h,360,0.005,43,11,0,10,0.255813953,0,0.23255814,0.488372093,0.23255814
01.16.20,f3,(1:100),3,6h,360,0.001,53,14,0,4,0.264150943,0,0.075471698,0.339622642,0.075471698
01.16.20,g3,(sterile BK),3,6h,360,0,40,1,0,0,0.025,0,0,0.025,0
01.16.20,a1,(undiluted),1,12h,720,0.1,46,6,0,10,0.130434783,0,0.217391304,0.347826087,0.217391304
01.16.20,b1,(1:2),1,12h,720,0.05,63,2,3,12,0.031746032,0.047619048,0.19047619,0.222222222,0.238095238
01.16.20,c1,(1:3),1,12h,720,0.033333333,68,8,3,14,0.117647059,0.044117647,0.205882353,0.323529412,0.25
01.16.20,d1,(1:5),1,12h,720,0.02,71,7,1,24,0.098591549,0.014084507,0.338028169,0.436619718,0.352112676
01.16.20,e1,(1:20),1,12h,720,0.005,64,9,1,17,0.140625,0.015625,0.265625,0.40625,0.28125
01.16.20,f1,(1:100),1,12h,720,0.001,56,8,2,17,0.142857143,0.035714286,0.303571429,0.446428571,0.339285714
01.16.20,g1,(sterile BK),1,12h,720,0,66,1,0,0,0.015151515,0,0,0.015151515,0
01.16.20,a2,(undiluted),2,12h,720,0.1,55,0,1,21,0,0.018181818,0.381818182,0.381818182,0.4
01.16.20,b2,(1:2),2,12h,720,0.05,55,2,1,14,0.036363636,0.018181818,0.254545455,0.290909091,0.272727273
01.16.20,c2,(1:3),2,12h,720,0.033333333,29,0,0,8,0,0,0.275862069,0.275862069,0.275862069
01.16.20,d2,(1:5),2,12h,720,0.02,35,5,2,13,0.142857143,0.057142857,0.371428571,0.514285714,0.428571429
01.16.20,e2,(1:20),2,12h,720,0.005,79,18,3,20,0.227848101,0.037974684,0.253164557,0.481012658,0.291139241
01.16.20,f2,(1:100),2,12h,720,0.001,65,13,4,16,0.2,0.061538462,0.246153846,0.446153846,0.307692308
01.16.20,g2,(sterile BK),2,12h,720,0,20,0,0,0,0,0,0,0,0
01.16.20,a3,(undiluted),3,12h,720,0.1,50,13,3,6,0.26,0.06,0.12,0.38,0.18
01.16.20,b3,(1:2),3,12h,720,0.05,54,9,4,13,0.166666667,0.074074074,0.240740741,0.407407407,0.314814815
01.16.20,c3,(1:3),3,12h,720,0.033333333,30,3,0,7,0.1,0,0.233333333,0.333333333,0.233333333
01.16.20,d3,(1:5),3,12h,720,0.02,54,9,4,13,0.166666667,0.074074074,0.240740741,0.407407407,0.314814815
01.16.20,e3,(1:20),3,12h,720,0.005,41,7,3,6,0.170731707,0.073170732,0.146341463,0.317073171,0.219512195
01.16.20,f3,(1:100),3,12h,720,0.001,48,15,0,11,0.3125,0,0.229166667,0.541666667,0.229166667
01.16.20,g3,(sterile BK),3,12h,720,0,59,2,2,0,0.033898305,0.033898305,0,0.033898305,0.033898305
01.16.20,a1,(undiluted),1,24h,1440,0.1,30,0,2,8,0,0.066666667,0.266666667,0.266666667,0.333333333
01.16.20,b1,(1:2),1,24h,1440,0.05,39,3,3,11,0.076923077,0.076923077,0.282051282,0.358974359,0.358974359
01.16.20,c1,(1:3),1,24h,1440,0.033333333,28,5,2,6,0.178571429,0.071428571,0.214285714,0.392857143,0.285714286
01.16.20,d1,(1:5),1,24h,1440,0.02,57,4,1,17,0.070175439,0.01754386,0.298245614,0.368421053,0.315789474
01.16.20,e1,(1:20),1,24h,1440,0.005,50,2,4,17,0.04,0.08,0.34,0.38,0.42
01.16.20,f1,(1:100),1,24h,1440,0.001,53,5,0,22,0.094339623,0,0.41509434,0.509433962,0.41509434
01.16.20,g1,(sterile BK),1,24h,1440,0,60,2,0,0,0.033333333,0,0,0.033333333,0
01.16.20,a2,(undiluted),2,24h,1440,0.1,31,1,0,13,0.032258065,0,0.419354839,0.451612903,0.419354839
01.16.20,b2,(1:2),2,24h,1440,0.05,44,3,1,14,0.068181818,0.022727273,0.318181818,0.386363636,0.340909091
01.16.20,c2,(1:3),2,24h,1440,0.033333333,45,2,1,14,0.044444444,0.022222222,0.311111111,0.355555556,0.333333333
01.16.20,d2,(1:5),2,24h,1440,0.02,48,5,1,12,0.104166667,0.020833333,0.25,0.354166667,0.270833333
01.16.20,e2,(1:20),2,24h,1440,0.005,45,8,1,14,0.177777778,0.022222222,0.311111111,0.488888889,0.333333333
01.16.20,f2,(1:100),2,24h,1440,0.001,80,6,1,29,0.075,0.0125,0.3625,0.4375,0.375
01.16.20,g2,(sterile BK),2,24h,1440,0,41,0,0,0,0,0,0,0,0
01.16.20,a3,(undiluted),3,24h,1440,0.1,42,3,3,15,0.071428571,0.071428571,0.357142857,0.428571429,0.428571429
01.16.20,b3,(1:2),3,24h,1440,0.05,29,4,0,11,0.137931034,0,0.379310345,0.517241379,0.379310345
01.16.20,c3,(1:3),3,24h,1440,0.033333333,35,4,1,10,0.114285714,0.028571429,0.285714286,0.4,0.314285714
01.16.20,d3,(1:5),3,24h,1440,0.02,29,4,0,11,0.137931034,0,0.379310345,0.517241379,0.379310345
01.16.20,e3,(1:20),3,24h,1440,0.005,47,7,0,10,0.14893617,0,0.212765957,0.361702128,0.212765957
01.16.20,f3,(1:100),3,24h,1440,0.001,45,4,2,15,0.088888889,0.044444444,0.333333333,0.422222222,0.377777778
01.16.20,g3,(sterile BK),3,24h,1440,0,40,7,0,4,0.175,0,0.1,0.275,0.1