row,column,Timepoint,Well ID,protein ,Treatment,microbetreatment,pollentreatment,Date
A,1,T24,A1,2446.796136,30_477_Fresh,30_477,Fresh,3.29.21
B,1,T24,B1,3843.461384,30_477_Fresh,30_477,Fresh,3.29.21
C,1,T24,C1,3862.580576,30_477_Fresh,30_477,Fresh,3.29.21
A,5,T24,A5,483.2234,30_ctrl_Fresh,30_ctrl,Fresh,3.29.21
B,5,T24,B5,656.5034,30_ctrl_Fresh,30_ctrl,Fresh,3.29.21
C,5,T24,C5,908.203784,30_ctrl_Fresh,30_ctrl,Fresh,3.29.21
A,1,T0,A1,990.2265042,30_477_Fresh,30_477,Fresh,4.12.21
A,2,T0,A2,609.4423389,30_477_Fresh,30_477,Fresh,4.12.21
A,3,T0,A3,689.7366909,30_477_Fresh,30_477,Fresh,4.12.21
A,4,T0,A4,781.1247176,30_477_Fresh,30_477,Fresh,4.12.21
A,5,T0,A5,726.0175336,30_477_Ungerm,30_477,Ungerm,4.12.21
A,6,T0,A6,941.7316509,30_477_Ungerm,30_477,Ungerm,4.12.21
A,7,T0,A7,874.7991442,30_477_Ungerm,30_477,Ungerm,4.12.21
A,8,T0,A8,1220.665038,30_477_Ungerm,30_477,Ungerm,4.12.21
A,9,T0,A9,799.6766909,30_477_no pollen,30_477,no pollen,4.12.21
A,10,T0,A10,884.2923389,30_477_no pollen,30_477,no pollen,4.12.21
A,11,T0,A11,583.0891069,30_477_no pollen,30_477,no pollen,4.12.21
A,12,T0,A12,539.6243336,30_477_no pollen,30_477,no pollen,4.12.21
A,1,T24,A1,4623.932222,30_477_Fresh,30_477,Fresh,4.12.21
A,2,T24,A2,2530.732656,30_477_Fresh,30_477,Fresh,4.12.21
A,3,T24,A3,2467.469289,30_477_Fresh,30_477,Fresh,4.12.21
A,4,T24,A4,3085.786345,30_477_Fresh,30_477,Fresh,4.12.21
A,5,T24,A5,1970.945556,30_477_Ungerm,30_477,Ungerm,4.12.21
A,6,T24,A6,1813.243578,30_477_Ungerm,30_477,Ungerm,4.12.21
A,7,T24,A7,1765.081925,30_477_Ungerm,30_477,Ungerm,4.12.21
A,8,T24,A8,1456.183898,30_477_Ungerm,30_477,Ungerm,4.12.21
A,9,T24,A9,561.7717049,30_477_no pollen,30_477,no pollen,4.12.21
A,10,T24,A10,1120.135572,30_477_no pollen,30_477,no pollen,4.12.21
A,11,T24,A11,848.7987396,30_477_no pollen,30_477,no pollen,4.12.21
A,12,T24,A12,927.3050929,30_477_no pollen,30_477,no pollen,4.12.21
E,1,T0,E1,846.4567442,30_ctrl_Fresh,30_ctrl,Fresh,4.12.21
E,2,T0,E2,846.4567442,30_ctrl_Fresh,30_ctrl,Fresh,4.12.21
E,3,T0,E3,735.1449042,30_ctrl_Fresh,30_ctrl,Fresh,4.12.21
E,4,T0,E4,771.8830269,30_ctrl_Fresh,30_ctrl,Fresh,4.12.21
E,5,T0,E5,644.9000776,30_ctrl_Ungerm,30_ctrl,Ungerm,4.12.21
E,6,T0,E6,1059.079587,30_ctrl_Ungerm,30_ctrl,Ungerm,4.12.21
E,7,T0,E7,970.7599709,30_ctrl_Ungerm,30_ctrl,Ungerm,4.12.21
E,8,T0,E8,980.4818056,30_ctrl_Ungerm,30_ctrl,Ungerm,4.12.21
E,9,T0,E9,707.8313842,30_ctrl_no pollen,30_ctrl,no pollen,4.12.21
E,10,T0,E10,106.6271336,30_ctrl_no pollen,30_ctrl,no pollen,4.12.21
E,11,T0,E11,565.6346056,30_ctrl_no pollen,30_ctrl,no pollen,4.12.21
E,12,T0,E12,471.2696242,30_ctrl_no pollen,30_ctrl,no pollen,4.12.21
E,1,T24,E1,2404.472122,30_ctrl_Fresh,30_ctrl,Fresh,4.12.21
E,2,T24,E2,1550.462789,30_ctrl_Fresh,30_ctrl,Fresh,4.12.21
E,3,T24,E3,1526.829178,30_ctrl_Fresh,30_ctrl,Fresh,4.12.21
E,4,T24,E4,1397.605652,30_ctrl_Fresh,30_ctrl,Fresh,4.12.21
E,5,T24,E5,1200.430789,30_ctrl_Ungerm,30_ctrl,Ungerm,4.12.21
E,6,T24,E6,1235.002745,30_ctrl_Ungerm,30_ctrl,Ungerm,4.12.21
E,7,T24,E7,1154.48392,30_ctrl_Ungerm,30_ctrl,Ungerm,4.12.21
E,8,T24,E8,1362.58648,30_ctrl_Ungerm,30_ctrl,Ungerm,4.12.21
E,9,T24,E9,1074.486846,30_ctrl_no pollen,30_ctrl,no pollen,4.12.21
E,10,T24,E10,660.3126449,30_ctrl_no pollen,30_ctrl,no pollen,4.12.21
E,11,T24,E11,660.3126449,30_ctrl_no pollen,30_ctrl,no pollen,4.12.21
E,12,T24,E12,793.0422129,30_ctrl_no pollen,30_ctrl,no pollen,4.12.21
A,1,T0,A1,1024.208024,30_477_Fresh,30_477,Fresh,4.18.21
A,2,T0,A2,729.622016,30_477_Fresh,30_477,Fresh,4.18.21
A,3,T0,A3,798.5222,30_477_Fresh,30_477,Fresh,4.18.21
A,4,T0,A4,806.287136,30_477_Fresh,30_477,Fresh,4.18.21
A,5,T0,A5,941.637464,30_477_Ungerm,30_477,Ungerm,4.18.21
A,6,T0,A6,684.6728,30_477_Ungerm,30_477,Ungerm,4.18.21
A,7,T0,A7,909.221656,30_477_Ungerm,30_477,Ungerm,4.18.21
A,8,T0,A8,877.1558,30_477_Ungerm,30_477,Ungerm,4.18.21
A,9,T0,A9,692.109656,30_477_no pollen,30_477,no pollen,4.18.21
A,10,T0,A10,684.6728,30_477_no pollen,30_477,no pollen,4.18.21
A,11,T0,A11,707.048984,30_477_no pollen,30_477,no pollen,4.18.21
A,12,T0,A12,589.984024,30_477_no pollen,30_477,no pollen,4.18.21
B,1,T0,B1,767.681176,30_477_Fresh,30_477,Fresh,4.18.21
B,2,T0,B2,783.057944,30_477_Fresh,30_477,Fresh,4.18.21
B,5,T0,B5,917.2928,30_477_Ungerm,30_477,Ungerm,4.18.21
B,9,T0,B9,589.984024,30_477_no pollen,30_477,no pollen,4.18.21
A,1,T24,A1,3980.624,30_477_Fresh,30_477,Fresh,4.18.21
A,2,T24,A2,2284.60352,30_477_Fresh,30_477,Fresh,4.18.21
A,3,T24,A3,2994.09032,30_477_Fresh,30_477,Fresh,4.18.21
A,4,T24,A4,2732.55968,30_477_Fresh,30_477,Fresh,4.18.21
A,5,T24,A5,1653.64808,30_477_Ungerm,30_477,Ungerm,4.18.21
A,6,T24,A6,1353.60032,30_477_Ungerm,30_477,Ungerm,4.18.21
A,7,T24,A7,1109.93288,30_477_Ungerm,30_477,Ungerm,4.18.21
A,8,T24,A8,2563.73312,30_477_Ungerm,30_477,Ungerm,4.18.21
A,9,T24,A9,990.06152,30_477_no pollen,30_477,no pollen,4.18.21
A,10,T24,A10,1298.03072,30_477_no pollen,30_477,no pollen,4.18.21
A,11,T24,A11,1006.91528,30_477_no pollen,30_477,no pollen,4.18.21
A,12,T24,A12,1032.36512,30_477_no pollen,30_477,no pollen,4.18.21
B,1,T24,B1,2956.11968,30_477_Fresh,30_477,Fresh,4.18.21
B,2,T24,B2,2918.35208,30_477_Fresh,30_477,Fresh,4.18.21
B,5,T24,B5,1476.78728,30_477_Ungerm,30_477,Ungerm,4.18.21
B,9,T24,B9,973.298,30_477_no pollen,30_477,no pollen,4.18.21
E,1,T0,E1,633.227224,30_ctrl_Fresh,30_ctrl,Fresh,4.18.21
E,2,T0,E2,775.358624,30_ctrl_Fresh,30_ctrl,Fresh,4.18.21
E,3,T0,E3,669.864704,30_ctrl_Fresh,30_ctrl,Fresh,4.18.21
E,4,T0,E4,1040.9846,30_ctrl_Fresh,30_ctrl,Fresh,4.18.21
E,5,T0,E5,845.439896,30_ctrl_Ungerm,30_ctrl,Ungerm,4.18.21
E,6,T0,E6,869.194016,30_ctrl_Ungerm,30_ctrl,Ungerm,4.18.21
E,7,T0,E7,853.336064,30_ctrl_Ungerm,30_ctrl,Ungerm,4.18.21
E,8,T0,E8,845.439896,30_ctrl_Ungerm,30_ctrl,Ungerm,4.18.21
E,9,T0,E9,604.310936,30_ctrl_no pollen,30_ctrl,no pollen,4.18.21
E,10,T0,E10,519.661784,30_ctrl_no pollen,30_ctrl,no pollen,4.18.21
E,11,T0,E11,505.8598,30_ctrl_no pollen,30_ctrl,no pollen,4.18.21
E,12,T0,E12,505.8598,30_ctrl_no pollen,30_ctrl,no pollen,4.18.21
F,1,T0,F1,744.780064,30_ctrl_Fresh,30_ctrl,Fresh,4.18.21
F,2,T0,F2,821.882624,30_ctrl_Fresh,30_ctrl,Fresh,4.18.21
F,3,T0,F3,760.0256,30_ctrl_Fresh,30_ctrl,Fresh,4.18.21
F,4,T0,F4,677.257816,30_ctrl_Fresh,30_ctrl,Fresh,4.18.21
F,5,T0,F5,982.649344,30_ctrl_Ungerm,30_ctrl,Ungerm,4.18.21
F,6,T0,F6,974.403224,30_ctrl_Ungerm,30_ctrl,Ungerm,4.18.21
F,7,T0,F7,1024.208024,30_ctrl_Ungerm,30_ctrl,Ungerm,4.18.21
F,8,T0,F8,901.172384,30_ctrl_Ungerm,30_ctrl,Ungerm,4.18.21
F,9,T0,F9,568.657696,30_ctrl_no pollen,30_ctrl,no pollen,4.18.21
F,10,T0,F10,798.5222,30_ctrl_no pollen,30_ctrl,no pollen,4.18.21
F,11,T0,F11,533.551256,30_ctrl_no pollen,30_ctrl,no pollen,4.18.21
F,12,T0,F12,471.7376,30_ctrl_no pollen,30_ctrl,no pollen,4.18.21
E,1,T24,E1,1775.61608,30_ctrl_Fresh,30_ctrl,Fresh,4.18.21
E,2,T24,E2,1890.27392,30_ctrl_Fresh,30_ctrl,Fresh,4.18.21
E,3,T24,E3,1816.994,30_ctrl_Fresh,30_ctrl,Fresh,4.18.21
E,4,T24,E4,1816.994,30_ctrl_Fresh,30_ctrl,Fresh,4.18.21
E,5,T24,E5,1505.75648,30_ctrl_Ungerm,30_ctrl,Ungerm,4.18.21
E,6,T24,E6,1564.304,30_ctrl_Ungerm,30_ctrl,Ungerm,4.18.21
E,7,T24,E7,1428.95648,30_ctrl_Ungerm,30_ctrl,Ungerm,4.18.21
E,8,T24,E8,1744.81952,30_ctrl_Ungerm,30_ctrl,Ungerm,4.18.21
E,9,T24,E9,694.544,30_ctrl_no pollen,30_ctrl,no pollen,4.18.21
E,10,T24,E10,619.976,30_ctrl_no pollen,30_ctrl,no pollen,4.18.21
E,11,T24,E11,649.53248,30_ctrl_no pollen,30_ctrl,no pollen,4.18.21
E,12,T24,E12,649.53248,30_ctrl_no pollen,30_ctrl,no pollen,4.18.21
F,1,T24,F1,196.16288,30_ctrl_Fresh,30_ctrl,Fresh,4.18.21
F,2,T24,F2,196.16288,30_ctrl_Fresh,30_ctrl,Fresh,4.18.21
F,3,T24,F3,143.97512,30_ctrl_Fresh,30_ctrl,Fresh,4.18.21
F,4,T24,F4,115.77152,30_ctrl_Fresh,30_ctrl,Fresh,4.18.21
F,5,T24,F5,126.98528,30_ctrl_Ungerm,30_ctrl,Ungerm,4.18.21
F,6,T24,F6,29.31008,30_ctrl_Ungerm,30_ctrl,Ungerm,4.18.21
F,7,T24,F7,66.42632,30_ctrl_Ungerm,30_ctrl,Ungerm,4.18.21
F,8,T24,F8,110.19848,30_ctrl_Ungerm,30_ctrl,Ungerm,4.18.21
F,9,T24,F9,725.00288,30_ctrl_no pollen,30_ctrl,no pollen,4.18.21
F,10,T24,F10,755.82272,30_ctrl_no pollen,30_ctrl,no pollen,4.18.21
F,11,T24,F11,732.674,30_ctrl_no pollen,30_ctrl,no pollen,4.18.21
F,12,T24,F12,656.978,30_ctrl_no pollen,30_ctrl,no pollen,4.18.21